id,region,city,n_files,bldgs_n_tot,a_tot,a_mean,a_med,a_max,a_min,a_25,a_75,a_n_0,a_p_0,a_n_10,a_p_10,height_n,height_p,height_n_inf_0,height_n_0_2,height_n_3_5,height_n_6_10,height_n_11_15,height_n_16_25,height_n_26_inf,height_p_inf_0,height_p_0_2,height_p_3_5,height_p_6_10,height_p_11_15,height_p_16_25,height_p_26_inf,height_mean,height_med,height_max,height_min,age_n,age_p,age_n_0_1800,age_n_1801_1900,age_n_1901_1950,age_n_1951_2000,age_n_2001_2022,age_n_2023_inf,age_p_0_1800,age_p_1801_1900,age_p_1901_1950,age_p_1951_2000,age_p_2001_2022,age_p_2023_inf,age_mean,age_med,age_max,age_min,type_n,type_p,type_n_res,type_n_non_res,type_p_res,type_p_non_res,extra_attribs,const_bldgs_file,const_id_files,n_bldg_buffer,unnamed_0_bits
v0.1-EST.1.1_1,Harju,Aegviidu,"[1, 1, 1, 0, 1, 1]",1074.0,121758.351,113.369,88.021,2391.567,18.297,50.981,130.616,0.0,0.0,0.0,0.0,1074.0,1.0,0.0,6.0,393.0,597.0,63.0,14.0,1.0,0.0,0.006,0.366,0.556,0.059,0.013,0.001,6.302,5.84,26.64,0.8,0.0,0.0,0.0,0.0,0.0,0.0,0.0,0.0,0.0,0.0,0.0,0.0,0.0,0.0,,,,,0.0,0.0,0.0,0.0,0.0,0.0,[0],1.0,1.0,60.0,"[0, 0, 0, 0, 0, 0]"
v0.1-EST.1.2_1,Harju,Anija,"[1, 1, 1, 0, 1, 1]",5604.0,803638.664,143.404,83.462,8837.23,20.209,44.621,141.208,0.0,0.0,0.0,0.0,5604.0,1.0,0.0,119.0,2220.0,2945.0,281.0,33.0,6.0,0.0,0.021,0.396,0.526,0.05,0.006,0.001,5.909,5.62,37.46,0.25,0.0,0.0,0.0,0.0,0.0,0.0,0.0,0.0,0.0,0.0,0.0,0.0,0.0,0.0,,,,,0.0,0.0,0.0,0.0,0.0,0.0,[0],1.0,1.0,1379.0,"[0, 0, 0, 0, 0, 0]"
v0.1-EST.1.3_1,Harju,Harku,"[1, 1, 1, 0, 1, 1]",14166.0,2060773.261,145.473,95.491,25004.546,20.185,46.076,157.251,0.0,0.0,0.0,0.0,14166.0,1.0,0.0,129.0,5999.0,7251.0,572.0,199.0,16.0,0.0,0.009,0.423,0.512,0.04,0.014,0.001,6.014,5.67,38.68,0.08,0.0,0.0,0.0,0.0,0.0,0.0,0.0,0.0,0.0,0.0,0.0,0.0,0.0,0.0,,,,,0.0,0.0,0.0,0.0,0.0,0.0,[0],1.0,1.0,2950.0,"[0, 0, 0, 0, 0, 0]"
v0.1-EST.1.4_1,Harju,Jõelähtme,"[1, 1, 1, 0, 1, 1]",7793.0,1314645.523,168.696,70.528,30843.656,20.189,37.017,138.457,0.0,0.0,0.0,0.0,7793.0,1.0,0.0,98.0,3766.0,3593.0,289.0,46.0,1.0,0.0,0.013,0.483,0.461,0.037,0.006,0.0,5.581,5.03,31.71,0.31,0.0,0.0,0.0,0.0,0.0,0.0,0.0,0.0,0.0,0.0,0.0,0.0,0.0,0.0,,,,,0.0,0.0,0.0,0.0,0.0,0.0,[0],1.0,1.0,2216.0,"[0, 0, 0, 0, 0, 0]"
v0.1-EST.1.5_1,Harju,Keila,"[1, 1, 1, 0, 1, 1]",11000.0,1536992.828,139.727,89.795,10949.846,16.947,44.885,142.168,0.0,0.0,0.0,0.0,11000.0,1.0,0.0,109.0,4489.0,5580.0,558.0,245.0,19.0,0.0,0.01,0.408,0.507,0.051,0.022,0.002,6.207,5.83,48.24,0.22,0.0,0.0,0.0,0.0,0.0,0.0,0.0,0.0,0.0,0.0,0.0,0.0,0.0,0.0,,,,,0.0,0.0,0.0,0.0,0.0,0.0,[0],1.0,1.0,2015.0,"[0, 0, 0, 0, 0, 0]"
v0.1-EST.1.6_1,Harju,Kernu,"[1, 1, 1, 0, 1, 1]",6218.0,591588.516,95.141,74.131,9520.712,20.218,40.12,106.58,0.0,0.0,0.0,0.0,6218.0,1.0,0.0,63.0,3173.0,2855.0,116.0,11.0,0.0,0.0,0.01,0.51,0.459,0.019,0.002,0.0,5.283,4.83,22.51,0.22,0.0,0.0,0.0,0.0,0.0,0.0,0.0,0.0,0.0,0.0,0.0,0.0,0.0,0.0,,,,,0.0,0.0,0.0,0.0,0.0,0.0,[0],1.0,1.0,169.0,"[0, 0, 0, 0, 0, 0]"
v0.1-EST.1.7_1,Harju,Kiili,"[1, 1, 1, 0, 1, 1]",4138.0,610149.472,147.45,105.176,8758.811,20.25,50.848,174.16,0.0,0.0,0.0,0.0,4138.0,1.0,0.0,39.0,1616.0,2321.0,124.0,38.0,0.0,0.0,0.009,0.391,0.561,0.03,0.009,0.0,6.025,5.92,24.47,0.56,0.0,0.0,0.0,0.0,0.0,0.0,0.0,0.0,0.0,0.0,0.0,0.0,0.0,0.0,,,,,0.0,0.0,0.0,0.0,0.0,0.0,[0],1.0,1.0,609.0,"[0, 0, 0, 0, 0, 0]"
v0.1-EST.1.8_1,Harju,Kose,"[1, 1, 1, 0, 1, 1]",4649.0,754025.024,162.191,97.255,9778.635,20.208,49.158,167.335,0.0,0.0,0.0,0.0,4649.0,1.0,0.0,78.0,1611.0,2704.0,225.0,28.0,3.0,0.0,0.017,0.347,0.582,0.048,0.006,0.001,6.103,5.95,53.07,0.18,0.0,0.0,0.0,0.0,0.0,0.0,0.0,0.0,0.0,0.0,0.0,0.0,0.0,0.0,,,,,0.0,0.0,0.0,0.0,0.0,0.0,[0],1.0,1.0,140.0,"[0, 0, 0, 0, 0, 0]"
v0.1-EST.1.9_1,Harju,Kõue,"[1, 1, 1, 0, 1, 1]",1980.0,303085.411,153.073,93.573,9265.171,20.201,49.913,161.658,0.0,0.0,0.0,0.0,1980.0,1.0,0.0,49.0,660.0,1175.0,78.0,17.0,1.0,0.0,0.025,0.333,0.593,0.039,0.009,0.001,6.051,5.97,31.27,0.21,0.0,0.0,0.0,0.0,0.0,0.0,0.0,0.0,0.0,0.0,0.0,0.0,0.0,0.0,,,,,0.0,0.0,0.0,0.0,0.0,0.0,[0],1.0,1.0,119.0,"[0, 0, 0, 0, 0, 0]"
v0.1-EST.1.10_1,Harju,Kuusalu,"[1, 1, 1, 0, 1, 1]",11243.0,1365901.236,121.489,74.511,15583.505,20.202,41.951,127.114,0.0,0.0,0.0,0.0,11243.0,1.0,0.0,167.0,4105.0,6502.0,409.0,57.0,3.0,0.0,0.015,0.365,0.578,0.036,0.005,0.0,5.901,5.69,37.65,0.2,0.0,0.0,0.0,0.0,0.0,0.0,0.0,0.0,0.0,0.0,0.0,0.0,0.0,0.0,,,,,0.0,0.0,0.0,0.0,0.0,0.0,[0],1.0,1.0,940.0,"[0, 0, 0, 0, 0, 0]"
v0.1-EST.1.11_1,Harju,Loksa,"[1, 1, 1, 0, 1, 1]",1025.0,192403.353,187.711,87.784,16030.77,20.226,41.516,152.123,0.0,0.0,0.0,0.0,1025.0,1.0,0.0,4.0,488.0,417.0,79.0,35.0,2.0,0.0,0.004,0.476,0.407,0.077,0.034,0.002,6.397,5.28,26.73,0.49,0.0,0.0,0.0,0.0,0.0,0.0,0.0,0.0,0.0,0.0,0.0,0.0,0.0,0.0,,,,,0.0,0.0,0.0,0.0,0.0,0.0,[0],1.0,1.0,84.0,"[0, 0, 0, 0, 0, 0]"
v0.1-EST.1.12_1,Harju,Maardu,"[1, 1, 1, 0, 1, 1]",5905.0,1307828.593,221.478,84.88,37281.874,19.991,42.812,146.323,0.0,0.0,0.0,0.0,5905.0,1.0,0.0,24.0,3063.0,2415.0,249.0,122.0,32.0,0.0,0.004,0.519,0.409,0.042,0.021,0.005,5.924,4.74,230.62,0.61,0.0,0.0,0.0,0.0,0.0,0.0,0.0,0.0,0.0,0.0,0.0,0.0,0.0,0.0,,,,,0.0,0.0,0.0,0.0,0.0,0.0,[0],1.0,1.0,2908.0,"[0, 0, 0, 0, 0, 0]"
v0.1-EST.1.13_1,Harju,Nissi,"[1, 1, 1, 0, 1, 1]",2799.0,429349.979,153.394,87.25,7821.96,20.221,45.489,148.298,0.0,0.0,0.0,0.0,2799.0,1.0,0.0,72.0,1085.0,1486.0,126.0,30.0,0.0,0.0,0.026,0.388,0.531,0.045,0.011,0.0,5.898,5.65,24.86,0.13,0.0,0.0,0.0,0.0,0.0,0.0,0.0,0.0,0.0,0.0,0.0,0.0,0.0,0.0,,,,,0.0,0.0,0.0,0.0,0.0,0.0,[0],1.0,1.0,639.0,"[0, 0, 0, 0, 0, 0]"
v0.1-EST.1.14_1,Harju,Padise,"[1, 1, 1, 0, 1, 1]",3743.0,450765.158,120.429,74.961,12697.08,20.198,42.484,130.641,0.0,0.0,0.0,0.0,3743.0,1.0,0.0,89.0,1345.0,2174.0,116.0,17.0,2.0,0.0,0.024,0.359,0.581,0.031,0.005,0.001,5.754,5.59,26.99,0.12,0.0,0.0,0.0,0.0,0.0,0.0,0.0,0.0,0.0,0.0,0.0,0.0,0.0,0.0,,,,,0.0,0.0,0.0,0.0,0.0,0.0,[0],1.0,1.0,118.0,"[0, 0, 0, 0, 0, 0]"
v0.1-EST.1.15_1,Harju,Paldiski,"[1, 1, 1, 0, 1, 1]",1461.0,326916.66,223.762,54.79,12136.482,20.198,32.248,132.056,0.0,0.0,0.0,0.0,1461.0,1.0,0.0,66.0,859.0,409.0,73.0,51.0,3.0,0.0,0.045,0.588,0.28,0.05,0.035,0.002,5.32,4.3,29.49,0.14,0.0,0.0,0.0,0.0,0.0,0.0,0.0,0.0,0.0,0.0,0.0,0.0,0.0,0.0,,,,,0.0,0.0,0.0,0.0,0.0,0.0,[0],1.0,1.0,50.0,"[0, 0, 0, 0, 0, 0]"
v0.1-EST.1.16_1,Harju,Raasiku,"[1, 1, 1, 0, 1, 1]",4248.0,652643.436,153.635,93.989,13872.994,20.208,47.588,163.293,0.0,0.0,0.0,0.0,4248.0,1.0,0.0,76.0,1542.0,2375.0,228.0,26.0,1.0,0.0,0.018,0.363,0.559,0.054,0.006,0.0,6.157,5.93,29.53,0.43,0.0,0.0,0.0,0.0,0.0,0.0,0.0,0.0,0.0,0.0,0.0,0.0,0.0,0.0,,,,,0.0,0.0,0.0,0.0,0.0,0.0,[0],1.0,1.0,324.0,"[0, 0, 0, 0, 0, 0]"
v0.1-EST.1.17_1,Harju,Rae,"[1, 1, 1, 0, 1, 1]",9055.0,2464298.379,272.148,130.018,37122.392,20.191,56.277,216.291,0.0,0.0,0.0,0.0,9055.0,1.0,0.0,104.0,2877.0,5457.0,551.0,64.0,2.0,0.0,0.011,0.318,0.603,0.061,0.007,0.0,6.436,6.56,35.21,0.34,0.0,0.0,0.0,0.0,0.0,0.0,0.0,0.0,0.0,0.0,0.0,0.0,0.0,0.0,,,,,0.0,0.0,0.0,0.0,0.0,0.0,[0],1.0,1.0,1407.0,"[0, 0, 0, 0, 0, 0]"
v0.1-EST.1.18_1,Harju,Saku,"[1, 1, 1, 0, 1, 1]",8235.0,1320728.114,160.38,92.996,26235.642,20.176,47.607,163.017,0.0,0.0,0.0,0.0,8235.0,1.0,0.0,86.0,3671.0,3975.0,439.0,59.0,5.0,0.0,0.01,0.446,0.483,0.053,0.007,0.001,5.898,5.4,33.98,0.18,0.0,0.0,0.0,0.0,0.0,0.0,0.0,0.0,0.0,0.0,0.0,0.0,0.0,0.0,,,,,0.0,0.0,0.0,0.0,0.0,0.0,[0],1.0,1.0,4770.0,"[0, 0, 0, 0, 0, 0]"
v0.1-EST.1.19_1,Harju,Saue,"[1, 1, 1, 0, 1, 1]",9567.0,1706152.202,178.337,108.799,13491.119,18.978,49.334,185.848,0.0,0.0,0.0,0.0,9567.0,1.0,0.0,112.0,3396.0,5347.0,623.0,88.0,1.0,0.0,0.012,0.355,0.559,0.065,0.009,0.0,6.299,6.32,31.59,0.19,0.0,0.0,0.0,0.0,0.0,0.0,0.0,0.0,0.0,0.0,0.0,0.0,0.0,0.0,,,,,0.0,0.0,0.0,0.0,0.0,0.0,[0],1.0,1.0,4602.0,"[0, 0, 0, 0, 0, 0]"
v0.1-EST.1.20_1,Harju,Tallinn,"[1, 1, 1, 0, 1, 1]",47400.0,14190276.901,299.373,125.393,44210.079,10.136,60.441,241.905,0.0,0.0,0.0,0.0,47400.0,1.0,0.0,141.0,15065.0,18511.0,8545.0,4023.0,1115.0,0.0,0.003,0.318,0.391,0.18,0.085,0.024,8.623,7.77,277.79,0.18,0.0,0.0,0.0,0.0,0.0,0.0,0.0,0.0,0.0,0.0,0.0,0.0,0.0,0.0,,,,,0.0,0.0,0.0,0.0,0.0,0.0,[0],1.0,1.0,4242.0,"[0, 0, 0, 0, 0, 0]"
v0.1-EST.1.21_1,Harju,Vasalemma,"[1, 1, 1, 0, 1, 1]",1789.0,247607.291,138.405,66.362,4659.275,20.172,37.022,127.385,0.0,0.0,0.0,0.0,1789.0,1.0,0.0,21.0,849.0,798.0,100.0,21.0,0.0,0.0,0.012,0.475,0.446,0.056,0.012,0.0,5.712,5.11,20.92,0.2,0.0,0.0,0.0,0.0,0.0,0.0,0.0,0.0,0.0,0.0,0.0,0.0,0.0,0.0,,,,,0.0,0.0,0.0,0.0,0.0,0.0,[0],1.0,1.0,304.0,"[0, 0, 0, 0, 0, 0]"
v0.1-EST.1.22_1,Harju,Viimsi,"[1, 1, 1, 0, 1, 1]",10263.0,1916222.99,186.712,120.366,34316.994,20.171,52.167,199.399,0.0,0.0,0.0,0.0,10263.0,1.0,0.0,86.0,3775.0,5816.0,488.0,90.0,8.0,0.0,0.008,0.368,0.567,0.048,0.009,0.001,6.261,6.29,50.51,0.1,0.0,0.0,0.0,0.0,0.0,0.0,0.0,0.0,0.0,0.0,0.0,0.0,0.0,0.0,,,,,0.0,0.0,0.0,0.0,0.0,0.0,[0],1.0,1.0,5039.0,"[0, 0, 0, 0, 0, 0]"
v0.1-EST.2.1_1,Hiiu,Emmaste,"[1, 1, 1, 0, 1, 1]",2554.0,305070.337,119.448,80.476,3330.185,20.192,47.927,135.422,0.0,0.0,0.0,0.0,2554.0,1.0,0.0,22.0,914.0,1565.0,50.0,3.0,0.0,0.0,0.009,0.358,0.613,0.02,0.001,0.0,5.725,5.67,20.98,0.36,0.0,0.0,0.0,0.0,0.0,0.0,0.0,0.0,0.0,0.0,0.0,0.0,0.0,0.0,,,,,0.0,0.0,0.0,0.0,0.0,0.0,[0],1.0,1.0,79.0,"[0, 0, 0, 0, 0, 0]"
v0.1-EST.2.2_1,Hiiu,Käina,"[1, 1, 1, 0, 1, 1]",3404.0,472148.085,138.704,84.846,7154.326,20.212,48.679,142.502,0.0,0.0,0.0,0.0,3404.0,1.0,0.0,31.0,1131.0,2109.0,121.0,11.0,1.0,0.0,0.009,0.332,0.62,0.036,0.003,0.0,5.977,5.84,29.22,0.09,0.0,0.0,0.0,0.0,0.0,0.0,0.0,0.0,0.0,0.0,0.0,0.0,0.0,0.0,,,,,0.0,0.0,0.0,0.0,0.0,0.0,[0],1.0,1.0,39.0,"[0, 0, 0, 0, 0, 0]"
v0.1-EST.2.3_1,Hiiu,Kärdla,"[1, 1, 1, 0, 1, 1]",2533.0,326308.351,128.823,80.47,5782.09,20.324,45.42,129.375,0.0,0.0,0.0,0.0,2533.0,1.0,0.0,2.0,1122.0,1270.0,129.0,10.0,0.0,0.0,0.001,0.443,0.501,0.051,0.004,0.0,5.894,5.35,19.82,0.95,0.0,0.0,0.0,0.0,0.0,0.0,0.0,0.0,0.0,0.0,0.0,0.0,0.0,0.0,,,,,0.0,0.0,0.0,0.0,0.0,0.0,[0],1.0,1.0,160.0,"[0, 0, 0, 0, 0, 0]"
v0.1-EST.2.4_1,Hiiu,Kõrgessaare,"[1, 1, 1, 0, 1, 1]",3169.0,326680.757,103.086,69.096,6294.862,20.203,40.281,113.345,0.0,0.0,0.0,0.0,3169.0,1.0,0.0,50.0,1153.0,1863.0,93.0,7.0,3.0,0.0,0.016,0.364,0.588,0.029,0.002,0.001,5.788,5.63,33.01,0.39,0.0,0.0,0.0,0.0,0.0,0.0,0.0,0.0,0.0,0.0,0.0,0.0,0.0,0.0,,,,,0.0,0.0,0.0,0.0,0.0,0.0,[0],1.0,1.0,6.0,"[0, 0, 0, 0, 0, 0]"
v0.1-EST.2.5_1,Hiiu,Pühalepa,"[1, 1, 1, 0, 1, 1]",3443.0,405639.158,117.816,75.416,4973.704,20.197,42.061,126.56,0.0,0.0,0.0,0.0,3443.0,1.0,0.0,50.0,1309.0,1985.0,87.0,9.0,3.0,0.0,0.015,0.38,0.577,0.025,0.003,0.001,5.74,5.58,46.24,0.27,0.0,0.0,0.0,0.0,0.0,0.0,0.0,0.0,0.0,0.0,0.0,0.0,0.0,0.0,,,,,0.0,0.0,0.0,0.0,0.0,0.0,[0],1.0,1.0,1781.0,"[0, 0, 0, 0, 0, 0]"
v0.1-EST.3.1_1,Ida-Viru,Alajõe,"[1, 1, 1, 0, 1, 1]",2327.0,223127.799,95.886,72.812,2041.771,20.23,39.586,121.907,0.0,0.0,0.0,0.0,2327.0,1.0,0.0,27.0,1125.0,1100.0,60.0,14.0,1.0,0.0,0.012,0.483,0.473,0.026,0.006,0.0,5.475,5.03,26.77,0.19,0.0,0.0,0.0,0.0,0.0,0.0,0.0,0.0,0.0,0.0,0.0,0.0,0.0,0.0,,,,,0.0,0.0,0.0,0.0,0.0,0.0,[0],1.0,1.0,151.0,"[0, 0, 0, 0, 0, 0]"
v0.1-EST.3.2_1,Ida-Viru,Aseri,"[1, 1, 1, 0, 1, 1]",1575.0,255171.314,162.014,72.412,15013.297,20.251,39.313,126.364,0.0,0.0,0.0,0.0,1575.0,1.0,0.0,34.0,712.0,738.0,65.0,26.0,0.0,0.0,0.022,0.452,0.469,0.041,0.017,0.0,5.611,5.18,20.3,0.09,0.0,0.0,0.0,0.0,0.0,0.0,0.0,0.0,0.0,0.0,0.0,0.0,0.0,0.0,,,,,0.0,0.0,0.0,0.0,0.0,0.0,[0],1.0,1.0,51.0,"[0, 0, 0, 0, 0, 0]"
v0.1-EST.3.3_1,Ida-Viru,Avinurme,"[1, 1, 1, 0, 1, 1]",2489.0,315173.731,126.627,87.769,3160.523,20.621,51.898,129.35,0.0,0.0,0.0,0.0,2489.0,1.0,0.0,122.0,757.0,1503.0,97.0,8.0,2.0,0.0,0.049,0.304,0.604,0.039,0.003,0.001,5.844,5.8,29.58,0.18,0.0,0.0,0.0,0.0,0.0,0.0,0.0,0.0,0.0,0.0,0.0,0.0,0.0,0.0,,,,,0.0,0.0,0.0,0.0,0.0,0.0,[0],1.0,1.0,149.0,"[0, 0, 0, 0, 0, 0]"
v0.1-EST.3.4_1,Ida-Viru,Iisaku,"[1, 1, 1, 0, 1, 1]",2193.0,262964.678,119.911,86.564,6525.004,20.216,48.495,130.51,0.0,0.0,0.0,0.0,2193.0,1.0,0.0,41.0,808.0,1251.0,83.0,8.0,2.0,0.0,0.019,0.368,0.57,0.038,0.004,0.001,5.834,5.57,35.37,0.35,0.0,0.0,0.0,0.0,0.0,0.0,0.0,0.0,0.0,0.0,0.0,0.0,0.0,0.0,,,,,0.0,0.0,0.0,0.0,0.0,0.0,[0],1.0,1.0,37.0,"[0, 0, 0, 0, 0, 0]"
v0.1-EST.3.5_1,Ida-Viru,Illuka,"[1, 1, 1, 0, 1, 1]",2329.0,260533.57,111.865,73.349,9685.189,20.205,39.867,119.247,0.0,0.0,0.0,0.0,2329.0,1.0,0.0,75.0,946.0,1218.0,70.0,16.0,4.0,0.0,0.032,0.406,0.523,0.03,0.007,0.002,5.616,5.36,44.28,0.29,0.0,0.0,0.0,0.0,0.0,0.0,0.0,0.0,0.0,0.0,0.0,0.0,0.0,0.0,,,,,0.0,0.0,0.0,0.0,0.0,0.0,[0],1.0,1.0,239.0,"[0, 0, 0, 0, 0, 0]"
v0.1-EST.3.6_1,Ida-Viru,Jõhvi,"[1, 1, 1, 0, 1, 1]",5493.0,1018288.179,185.379,84.193,21978.005,20.227,43.949,146.699,0.0,0.0,0.0,0.0,5493.0,1.0,0.0,50.0,2355.0,2666.0,313.0,101.0,8.0,0.0,0.009,0.429,0.485,0.057,0.018,0.001,6.052,5.49,31.86,0.11,0.0,0.0,0.0,0.0,0.0,0.0,0.0,0.0,0.0,0.0,0.0,0.0,0.0,0.0,,,,,0.0,0.0,0.0,0.0,0.0,0.0,[0],1.0,1.0,2657.0,"[0, 0, 0, 0, 0, 0]"
v0.1-EST.3.7_1,Ida-Viru,Kiviõli,"[1, 1, 1, 0, 1, 1]",2378.0,337037.613,141.732,70.144,4554.444,20.209,36.889,111.857,0.0,0.0,0.0,0.0,2378.0,1.0,0.0,21.0,1183.0,1026.0,84.0,54.0,10.0,0.0,0.009,0.497,0.431,0.035,0.023,0.004,5.757,4.94,36.33,0.5,0.0,0.0,0.0,0.0,0.0,0.0,0.0,0.0,0.0,0.0,0.0,0.0,0.0,0.0,,,,,0.0,0.0,0.0,0.0,0.0,0.0,[0],1.0,1.0,512.0,"[0, 0, 0, 0, 0, 0]"
v0.1-EST.3.10_1,Ida-Viru,Kohtla,"[1, 1, 1, 0, 1, 1]",1951.0,274319.442,140.605,81.066,9206.021,20.206,41.095,128.047,0.0,0.0,0.0,0.0,1951.0,1.0,0.0,72.0,804.0,1025.0,47.0,2.0,1.0,0.0,0.037,0.412,0.525,0.024,0.001,0.001,5.337,5.27,35.5,0.13,0.0,0.0,0.0,0.0,0.0,0.0,0.0,0.0,0.0,0.0,0.0,0.0,0.0,0.0,,,,,0.0,0.0,0.0,0.0,0.0,0.0,[0],1.0,1.0,3506.0,"[0, 0, 0, 0, 0, 0]"
v0.1-EST.3.8_1,Ida-Viru,Kohtla-Järve,"[1, 1, 1, 0, 1, 1]",6484.0,1685411.02,259.934,91.869,19431.746,20.205,45.615,225.5,0.0,0.0,0.0,0.0,6484.0,1.0,0.0,82.0,3105.0,2178.0,651.0,406.0,62.0,0.0,0.013,0.479,0.336,0.1,0.063,0.01,6.641,5.075,50.71,0.22,0.0,0.0,0.0,0.0,0.0,0.0,0.0,0.0,0.0,0.0,0.0,0.0,0.0,0.0,,,,,0.0,0.0,0.0,0.0,0.0,0.0,[0],1.0,1.0,1353.0,"[0, 0, 0, 0, 0, 0]"
v0.1-EST.3.9_1,Ida-Viru,Kohtla-Nõmme,"[1, 1, 1, 0, 1, 1]",1373.0,142628.607,103.881,70.709,7505.373,20.282,41.237,104.465,0.0,0.0,0.0,0.0,1373.0,1.0,0.0,12.0,728.0,585.0,38.0,8.0,2.0,0.0,0.009,0.53,0.426,0.028,0.006,0.001,5.332,4.78,43.17,0.27,0.0,0.0,0.0,0.0,0.0,0.0,0.0,0.0,0.0,0.0,0.0,0.0,0.0,0.0,,,,,0.0,0.0,0.0,0.0,0.0,0.0,[0],1.0,1.0,69.0,"[0, 0, 0, 0, 0, 0]"
v0.1-EST.3.11_1,Ida-Viru,Lohusuu,"[1, 1, 1, 0, 1, 1]",1721.0,175190.822,101.796,77.203,2798.107,20.182,43.388,120.077,0.0,0.0,0.0,0.0,1721.0,1.0,0.0,27.0,642.0,987.0,59.0,6.0,0.0,0.0,0.016,0.373,0.574,0.034,0.003,0.0,5.74,5.63,21.69,0.32,0.0,0.0,0.0,0.0,0.0,0.0,0.0,0.0,0.0,0.0,0.0,0.0,0.0,0.0,,,,,0.0,0.0,0.0,0.0,0.0,0.0,[0],1.0,1.0,129.0,"[0, 0, 0, 0, 0, 0]"
v0.1-EST.3.12_1,Ida-Viru,Lüganuse,"[1, 1, 1, 0, 1, 1]",2327.0,314045.842,134.957,85.796,7821.904,20.222,45.636,133.427,0.0,0.0,0.0,0.0,2327.0,1.0,0.0,47.0,840.0,1350.0,78.0,11.0,1.0,0.0,0.02,0.361,0.58,0.034,0.005,0.0,5.791,5.85,26.01,0.23,0.0,0.0,0.0,0.0,0.0,0.0,0.0,0.0,0.0,0.0,0.0,0.0,0.0,0.0,,,,,0.0,0.0,0.0,0.0,0.0,0.0,[0],1.0,1.0,1218.0,"[0, 0, 0, 0, 0, 0]"
v0.1-EST.3.13_1,Ida-Viru,Mäetaguse,"[1, 1, 1, 0, 1, 1]",2096.0,318598.193,152.003,87.846,10586.561,20.216,47.437,138.376,0.0,0.0,0.0,0.0,2096.0,1.0,0.0,99.0,714.0,1189.0,73.0,14.0,7.0,0.0,0.047,0.341,0.567,0.035,0.007,0.003,5.785,5.65,38.08,0.17,0.0,0.0,0.0,0.0,0.0,0.0,0.0,0.0,0.0,0.0,0.0,0.0,0.0,0.0,,,,,0.0,0.0,0.0,0.0,0.0,0.0,[0],1.0,1.0,215.0,"[0, 0, 0, 0, 0, 0]"
v0.1-EST.3.14_1,Ida-Viru,Maidla,"[1, 1, 1, 0, 1, 1]",1416.0,178927.663,126.361,82.535,9291.426,20.386,45.528,125.744,0.0,0.0,0.0,0.0,1416.0,1.0,0.0,59.0,444.0,886.0,22.0,4.0,1.0,0.0,0.042,0.314,0.626,0.016,0.003,0.001,5.769,5.745,79.05,0.21,0.0,0.0,0.0,0.0,0.0,0.0,0.0,0.0,0.0,0.0,0.0,0.0,0.0,0.0,,,,,0.0,0.0,0.0,0.0,0.0,0.0,[0],1.0,1.0,1402.0,"[0, 0, 0, 0, 0, 0]"
v0.1-EST.3.16_1,Ida-Viru,Narva,"[1, 1, 1, 0, 1, 1]",14922.0,2339724.053,156.797,53.115,34234.435,20.186,34.119,83.478,0.0,0.0,0.0,0.0,14922.0,1.0,0.0,96.0,7399.0,6395.0,485.0,432.0,115.0,0.0,0.006,0.496,0.429,0.033,0.029,0.008,5.936,4.99,67.66,0.06,0.0,0.0,0.0,0.0,0.0,0.0,0.0,0.0,0.0,0.0,0.0,0.0,0.0,0.0,,,,,0.0,0.0,0.0,0.0,0.0,0.0,[0],1.0,1.0,361.0,"[0, 0, 0, 0, 0, 0]"
v0.1-EST.3.15_1,Ida-Viru,Narva-Jõesuu,"[1, 1, 1, 0, 1, 1]",1864.0,302036.688,162.037,96.44,3611.133,20.204,52.085,163.832,0.0,0.0,0.0,0.0,1864.0,1.0,0.0,27.0,753.0,839.0,180.0,52.0,13.0,0.0,0.014,0.404,0.45,0.097,0.028,0.007,6.688,5.66,41.87,0.57,0.0,0.0,0.0,0.0,0.0,0.0,0.0,0.0,0.0,0.0,0.0,0.0,0.0,0.0,,,,,0.0,0.0,0.0,0.0,0.0,0.0,[0],1.0,1.0,930.0,"[0, 0, 0, 0, 0, 0]"
v0.1-EST.3.17_1,Ida-Viru,Püssi,"[1, 1, 1, 0, 1, 1]",529.0,145903.29,275.81,83.476,32986.366,20.293,50.744,131.307,0.0,0.0,0.0,0.0,529.0,1.0,0.0,8.0,224.0,265.0,23.0,7.0,2.0,0.0,0.015,0.423,0.501,0.043,0.013,0.004,5.92,5.37,29.9,0.76,0.0,0.0,0.0,0.0,0.0,0.0,0.0,0.0,0.0,0.0,0.0,0.0,0.0,0.0,,,,,0.0,0.0,0.0,0.0,0.0,0.0,[0],1.0,1.0,217.0,"[0, 0, 0, 0, 0, 0]"
v0.1-EST.3.18_1,Ida-Viru,Sillamäe,"[1, 1, 1, 0, 1, 1]",2010.0,613899.36,305.423,48.145,11801.351,18.584,32.84,224.003,0.0,0.0,0.0,0.0,2010.0,1.0,0.0,7.0,1064.0,631.0,136.0,143.0,29.0,0.0,0.003,0.529,0.314,0.068,0.071,0.014,6.78,4.85,41.25,0.66,0.0,0.0,0.0,0.0,0.0,0.0,0.0,0.0,0.0,0.0,0.0,0.0,0.0,0.0,,,,,0.0,0.0,0.0,0.0,0.0,0.0,[0],1.0,1.0,490.0,"[0, 0, 0, 0, 0, 0]"
v0.1-EST.3.19_1,Ida-Viru,Sonda,"[1, 1, 1, 0, 1, 1]",1453.0,172574.854,118.771,74.84,3952.191,20.275,39.928,119.283,0.0,0.0,0.0,0.0,1453.0,1.0,0.0,27.0,640.0,731.0,49.0,5.0,1.0,0.0,0.019,0.44,0.503,0.034,0.003,0.001,5.583,5.31,25.73,0.09,0.0,0.0,0.0,0.0,0.0,0.0,0.0,0.0,0.0,0.0,0.0,0.0,0.0,0.0,,,,,0.0,0.0,0.0,0.0,0.0,0.0,[0],1.0,1.0,727.0,"[0, 0, 0, 0, 0, 0]"
v0.1-EST.3.20_1,Ida-Viru,Toila,"[1, 1, 1, 0, 1, 1]",2772.0,390248.373,140.782,89.016,5894.631,20.22,42.966,145.245,0.0,0.0,0.0,0.0,2772.0,1.0,0.0,63.0,1175.0,1388.0,133.0,12.0,1.0,0.0,0.023,0.424,0.501,0.048,0.004,0.0,5.708,5.395,34.62,0.16,0.0,0.0,0.0,0.0,0.0,0.0,0.0,0.0,0.0,0.0,0.0,0.0,0.0,0.0,,,,,0.0,0.0,0.0,0.0,0.0,0.0,[0],1.0,1.0,1501.0,"[0, 0, 0, 0, 0, 0]"
v0.1-EST.3.21_1,Ida-Viru,Tudulinna,"[1, 1, 1, 0, 1, 1]",1223.0,160477.647,131.216,92.217,6868.351,20.541,50.389,147.658,0.0,0.0,0.0,0.0,1223.0,1.0,0.0,105.0,428.0,634.0,53.0,3.0,0.0,0.0,0.086,0.35,0.518,0.043,0.002,0.0,5.503,5.46,17.15,0.28,0.0,0.0,0.0,0.0,0.0,0.0,0.0,0.0,0.0,0.0,0.0,0.0,0.0,0.0,,,,,0.0,0.0,0.0,0.0,0.0,0.0,[0],1.0,1.0,38.0,"[0, 0, 0, 0, 0, 0]"
v0.1-EST.3.22_1,Ida-Viru,Vaivara,"[1, 1, 1, 0, 1, 1]",6036.0,720036.356,119.29,52.285,54620.521,15.624,33.814,91.4,0.0,0.0,0.0,0.0,6036.0,1.0,0.0,89.0,2927.0,2760.0,207.0,34.0,19.0,0.0,0.015,0.485,0.457,0.034,0.006,0.003,5.52,5.01,72.96,0.27,0.0,0.0,0.0,0.0,0.0,0.0,0.0,0.0,0.0,0.0,0.0,0.0,0.0,0.0,,,,,0.0,0.0,0.0,0.0,0.0,0.0,[0],1.0,1.0,9221.0,"[0, 0, 0, 0, 0, 0]"
v0.1-EST.4.1_1,Järva,Albu,"[1, 1, 1, 0, 1, 1]",1768.0,336249.942,190.187,107.407,9078.447,20.207,57.448,175.337,0.0,0.0,0.0,0.0,1768.0,1.0,0.0,74.0,533.0,1074.0,78.0,9.0,0.0,0.0,0.042,0.301,0.607,0.044,0.005,0.0,6.018,5.99,21.27,0.22,0.0,0.0,0.0,0.0,0.0,0.0,0.0,0.0,0.0,0.0,0.0,0.0,0.0,0.0,,,,,0.0,0.0,0.0,0.0,0.0,0.0,[0],1.0,1.0,202.0,"[0, 0, 0, 0, 0, 0]"
v0.1-EST.4.2_1,Järva,Ambla,"[1, 1, 1, 0, 1, 1]",4471.0,851193.229,190.381,104.157,12738.286,20.204,57.585,178.177,0.0,0.0,0.0,0.0,4471.0,1.0,0.0,164.0,1379.0,2645.0,256.0,26.0,1.0,0.0,0.037,0.308,0.592,0.057,0.006,0.0,6.137,6.07,32.46,0.13,0.0,0.0,0.0,0.0,0.0,0.0,0.0,0.0,0.0,0.0,0.0,0.0,0.0,0.0,,,,,0.0,0.0,0.0,0.0,0.0,0.0,[0],1.0,1.0,313.0,"[0, 0, 0, 0, 0, 0]"
v0.1-EST.4.3_1,Järva,Imavere,"[1, 1, 1, 0, 1, 1]",1242.0,259844.014,209.214,104.24,12000.443,20.293,53.262,184.707,0.0,0.0,0.0,0.0,1242.0,1.0,0.0,71.0,388.0,693.0,82.0,7.0,1.0,0.0,0.057,0.312,0.558,0.066,0.006,0.001,6.03,5.86,30.89,0.4,0.0,0.0,0.0,0.0,0.0,0.0,0.0,0.0,0.0,0.0,0.0,0.0,0.0,0.0,,,,,0.0,0.0,0.0,0.0,0.0,0.0,[0],1.0,1.0,112.0,"[0, 0, 0, 0, 0, 0]"
v0.1-EST.4.4_1,Järva,Järva-Jaani,"[1, 1, 1, 0, 1, 1]",2075.0,399614.203,192.585,105.787,13392.007,20.26,61.355,171.442,0.0,0.0,0.0,0.0,2075.0,1.0,0.0,110.0,555.0,1306.0,92.0,12.0,0.0,0.0,0.053,0.267,0.629,0.044,0.006,0.0,6.117,6.14,21.49,0.15,0.0,0.0,0.0,0.0,0.0,0.0,0.0,0.0,0.0,0.0,0.0,0.0,0.0,0.0,,,,,0.0,0.0,0.0,0.0,0.0,0.0,[0],1.0,1.0,109.0,"[0, 0, 0, 0, 0, 0]"
v0.1-EST.4.5_1,Järva,Kareda,"[1, 1, 1, 0, 1, 1]",1216.0,223466.943,183.772,114.951,5184.847,20.262,58.8,183.732,0.0,0.0,0.0,0.0,1216.0,1.0,0.0,88.0,360.0,719.0,43.0,5.0,1.0,0.0,0.072,0.296,0.591,0.035,0.004,0.001,5.758,5.84,44.34,0.17,0.0,0.0,0.0,0.0,0.0,0.0,0.0,0.0,0.0,0.0,0.0,0.0,0.0,0.0,,,,,0.0,0.0,0.0,0.0,0.0,0.0,[0],1.0,1.0,206.0,"[0, 0, 0, 0, 0, 0]"
v0.1-EST.4.6_1,Järva,Koeru,"[1, 1, 1, 0, 1, 1]",2664.0,516470.21,193.87,105.549,9524.356,20.198,59.94,167.64,0.0,0.0,0.0,0.0,2664.0,1.0,0.0,140.0,782.0,1575.0,153.0,12.0,2.0,0.0,0.053,0.294,0.591,0.057,0.005,0.001,6.065,6.085,37.95,0.12,0.0,0.0,0.0,0.0,0.0,0.0,0.0,0.0,0.0,0.0,0.0,0.0,0.0,0.0,,,,,0.0,0.0,0.0,0.0,0.0,0.0,[0],1.0,1.0,153.0,"[0, 0, 0, 0, 0, 0]"
v0.1-EST.4.7_1,Järva,Koigi,"[1, 1, 1, 0, 1, 1]",1584.0,325178.647,205.29,115.046,10346.226,20.329,61.58,191.426,0.0,0.0,0.0,0.0,1584.0,1.0,0.0,121.0,498.0,886.0,72.0,7.0,0.0,0.0,0.076,0.314,0.559,0.045,0.004,0.0,5.752,5.83,21.76,0.18,0.0,0.0,0.0,0.0,0.0,0.0,0.0,0.0,0.0,0.0,0.0,0.0,0.0,0.0,,,,,0.0,0.0,0.0,0.0,0.0,0.0,[0],1.0,1.0,169.0,"[0, 0, 0, 0, 0, 0]"
v0.1-EST.4.9_1,Järva,Paide,"[1, 1, 1, 0, 1, 1]",2662.0,500659.651,188.077,104.091,12575.106,20.241,53.3,168.52,0.0,0.0,0.0,0.0,2662.0,1.0,0.0,91.0,854.0,1587.0,114.0,15.0,1.0,0.0,0.034,0.321,0.596,0.043,0.006,0.0,5.925,5.965,33.52,0.22,0.0,0.0,0.0,0.0,0.0,0.0,0.0,0.0,0.0,0.0,0.0,0.0,0.0,0.0,,,,,0.0,0.0,0.0,0.0,0.0,0.0,[0],1.0,1.0,1436.0,"[0, 0, 0, 0, 0, 0]"
v0.1-EST.4.8_1,Järva,Paide (Vald),"[1, 1, 1, 0, 1, 1]",2514.0,502494.252,199.878,98.923,14169.214,20.194,58.452,174.412,0.0,0.0,0.0,0.0,2514.0,1.0,0.0,6.0,890.0,1294.0,247.0,72.0,5.0,0.0,0.002,0.354,0.515,0.098,0.029,0.002,6.802,6.33,41.82,0.44,0.0,0.0,0.0,0.0,0.0,0.0,0.0,0.0,0.0,0.0,0.0,0.0,0.0,0.0,,,,,0.0,0.0,0.0,0.0,0.0,0.0,[0],1.0,1.0,261.0,"[0, 0, 0, 0, 0, 0]"
v0.1-EST.4.10_1,Järva,Roosna-Alliku,"[1, 1, 1, 0, 1, 1]",1485.0,286536.056,192.954,112.277,9677.076,20.236,58.624,195.835,0.0,0.0,0.0,0.0,1485.0,1.0,0.0,93.0,505.0,800.0,78.0,7.0,2.0,0.0,0.063,0.34,0.539,0.053,0.005,0.001,5.764,5.65,49.03,0.11,0.0,0.0,0.0,0.0,0.0,0.0,0.0,0.0,0.0,0.0,0.0,0.0,0.0,0.0,,,,,0.0,0.0,0.0,0.0,0.0,0.0,[0],1.0,1.0,324.0,"[0, 0, 0, 0, 0, 0]"
v0.1-EST.4.11_1,Järva,Türi,"[1, 1, 1, 0, 1, 1]",8445.0,1495144.352,177.045,101.131,14646.597,20.174,57.724,165.319,0.0,0.0,0.0,0.0,8445.0,1.0,0.0,197.0,2686.0,5099.0,405.0,52.0,6.0,0.0,0.023,0.318,0.604,0.048,0.006,0.001,6.184,6.1,48.6,0.11,0.0,0.0,0.0,0.0,0.0,0.0,0.0,0.0,0.0,0.0,0.0,0.0,0.0,0.0,,,,,0.0,0.0,0.0,0.0,0.0,0.0,[0],1.0,1.0,518.0,"[0, 0, 0, 0, 0, 0]"
v0.1-EST.4.12_1,Järva,Väätsa,"[1, 1, 1, 0, 1, 1]",1309.0,345781.219,264.157,122.089,36750.712,20.257,60.83,192.248,0.0,0.0,0.0,0.0,1309.0,1.0,0.0,33.0,429.0,767.0,73.0,7.0,0.0,0.0,0.025,0.328,0.586,0.056,0.005,0.0,6.188,6.14,18.54,0.21,0.0,0.0,0.0,0.0,0.0,0.0,0.0,0.0,0.0,0.0,0.0,0.0,0.0,0.0,,,,,0.0,0.0,0.0,0.0,0.0,0.0,[0],1.0,1.0,598.0,"[0, 0, 0, 0, 0, 0]"
v0.1-EST.5.2_1,Jõgeva,Jõgeva,"[1, 1, 1, 0, 1, 1]",1894.0,371677.266,196.239,101.697,5063.335,20.396,59.986,165.449,0.0,0.0,0.0,0.0,1894.0,1.0,0.0,7.0,662.0,1026.0,150.0,49.0,0.0,0.0,0.004,0.35,0.542,0.079,0.026,0.0,6.645,6.21,22.45,0.58,0.0,0.0,0.0,0.0,0.0,0.0,0.0,0.0,0.0,0.0,0.0,0.0,0.0,0.0,,,,,0.0,0.0,0.0,0.0,0.0,0.0,[0],1.0,1.0,309.0,"[0, 0, 0, 0, 0, 0]"
v0.1-EST.5.1_1,Jõgeva,Jõgeva (commune),"[1, 1, 1, 0, 1, 1]",5547.0,941256.839,169.688,99.495,19715.32,20.215,50.205,161.781,0.0,0.0,0.0,0.0,5547.0,1.0,0.0,179.0,1859.0,3218.0,263.0,25.0,3.0,0.0,0.032,0.335,0.58,0.047,0.005,0.001,6.009,5.91,71.25,0.11,0.0,0.0,0.0,0.0,0.0,0.0,0.0,0.0,0.0,0.0,0.0,0.0,0.0,0.0,,,,,0.0,0.0,0.0,0.0,0.0,0.0,[0],1.0,1.0,1981.0,"[0, 0, 0, 0, 0, 0]"
v0.1-EST.5.3_1,Jõgeva,Kasepää,"[1, 1, 1, 0, 1, 1]",2325.0,237157.86,102.003,77.752,9252.446,20.281,47.506,114.396,0.0,0.0,0.0,0.0,2325.0,1.0,0.0,19.0,776.0,1450.0,77.0,3.0,0.0,0.0,0.008,0.334,0.624,0.033,0.001,0.0,6.125,6.17,17.91,0.42,0.0,0.0,0.0,0.0,0.0,0.0,0.0,0.0,0.0,0.0,0.0,0.0,0.0,0.0,,,,,0.0,0.0,0.0,0.0,0.0,0.0,[0],1.0,1.0,65.0,"[0, 0, 0, 0, 0, 0]"
v0.1-EST.5.4_1,Jõgeva,Mustvee,"[1, 1, 1, 0, 1, 1]",1736.0,180308.409,103.864,77.768,3469.013,20.217,45.488,119.409,0.0,0.0,0.0,0.0,1736.0,1.0,0.0,9.0,694.0,964.0,59.0,9.0,1.0,0.0,0.005,0.4,0.555,0.034,0.005,0.001,5.973,5.715,25.69,0.78,0.0,0.0,0.0,0.0,0.0,0.0,0.0,0.0,0.0,0.0,0.0,0.0,0.0,0.0,,,,,0.0,0.0,0.0,0.0,0.0,0.0,[0],1.0,1.0,222.0,"[0, 0, 0, 0, 0, 0]"
v0.1-EST.5.5_1,Jõgeva,Pajusi,"[1, 1, 1, 0, 1, 1]",1965.0,359791.126,183.1,107.206,9308.094,20.274,53.715,180.453,0.0,0.0,0.0,0.0,1965.0,1.0,0.0,105.0,633.0,1121.0,96.0,10.0,0.0,0.0,0.053,0.322,0.57,0.049,0.005,0.0,5.94,5.96,23.87,0.22,0.0,0.0,0.0,0.0,0.0,0.0,0.0,0.0,0.0,0.0,0.0,0.0,0.0,0.0,,,,,0.0,0.0,0.0,0.0,0.0,0.0,[0],1.0,1.0,192.0,"[0, 0, 0, 0, 0, 0]"
v0.1-EST.5.6_1,Jõgeva,Pala,"[1, 1, 1, 0, 1, 1]",2757.0,345989.069,125.495,91.528,5749.756,20.218,51.273,143.418,0.0,0.0,0.0,0.0,2757.0,1.0,0.0,78.0,676.0,1891.0,105.0,6.0,1.0,0.0,0.028,0.245,0.686,0.038,0.002,0.0,6.212,6.22,54.78,0.23,0.0,0.0,0.0,0.0,0.0,0.0,0.0,0.0,0.0,0.0,0.0,0.0,0.0,0.0,,,,,0.0,0.0,0.0,0.0,0.0,0.0,[0],1.0,1.0,234.0,"[0, 0, 0, 0, 0, 0]"
v0.1-EST.5.7_1,Jõgeva,Palamuse,"[1, 1, 1, 0, 1, 1]",2965.0,490215.538,165.334,102.292,11308.525,20.244,53.25,166.711,0.0,0.0,0.0,0.0,2965.0,1.0,0.0,109.0,833.0,1858.0,153.0,11.0,1.0,0.0,0.037,0.281,0.627,0.052,0.004,0.0,6.23,6.32,35.08,0.12,0.0,0.0,0.0,0.0,0.0,0.0,0.0,0.0,0.0,0.0,0.0,0.0,0.0,0.0,,,,,0.0,0.0,0.0,0.0,0.0,0.0,[0],1.0,1.0,616.0,"[0, 0, 0, 0, 0, 0]"
v0.1-EST.5.8_1,Jõgeva,Põltsamaa,"[1, 1, 1, 0, 1, 1]",4854.0,882323.088,181.772,102.668,11439.394,20.282,55.61,167.426,0.0,0.0,0.0,0.0,4854.0,1.0,0.0,187.0,1510.0,2940.0,192.0,23.0,2.0,0.0,0.039,0.311,0.606,0.04,0.005,0.0,5.979,5.97,72.37,0.12,0.0,0.0,0.0,0.0,0.0,0.0,0.0,0.0,0.0,0.0,0.0,0.0,0.0,0.0,,,,,0.0,0.0,0.0,0.0,0.0,0.0,[0],1.0,1.0,1666.0,"[0, 0, 0, 0, 0, 0]"
v0.1-EST.5.9_1,Jõgeva,PõltsamaaPõltsamaa,"[1, 1, 1, 0, 1, 1]",2587.0,394610.532,152.536,90.597,10386.186,20.193,51.199,143.001,0.0,0.0,0.0,0.0,2587.0,1.0,0.0,4.0,934.0,1485.0,146.0,16.0,2.0,0.0,0.002,0.361,0.574,0.056,0.006,0.001,6.283,6.0,30.55,0.34,0.0,0.0,0.0,0.0,0.0,0.0,0.0,0.0,0.0,0.0,0.0,0.0,0.0,0.0,,,,,0.0,0.0,0.0,0.0,0.0,0.0,[0],1.0,1.0,350.0,"[0, 0, 0, 0, 0, 0]"
v0.1-EST.5.10_1,Jõgeva,Puurmani,"[1, 1, 1, 0, 1, 1]",2359.0,405244.935,171.787,102.609,10912.76,20.198,54.135,170.124,0.0,0.0,0.0,0.0,2359.0,1.0,0.0,101.0,750.0,1401.0,92.0,11.0,4.0,0.0,0.043,0.318,0.594,0.039,0.005,0.002,6.004,5.96,70.37,0.23,0.0,0.0,0.0,0.0,0.0,0.0,0.0,0.0,0.0,0.0,0.0,0.0,0.0,0.0,,,,,0.0,0.0,0.0,0.0,0.0,0.0,[0],1.0,1.0,123.0,"[0, 0, 0, 0, 0, 0]"
v0.1-EST.5.11_1,Jõgeva,Saare,"[1, 1, 1, 0, 1, 1]",2558.0,346651.599,135.517,91.235,5833.133,20.208,49.798,146.087,0.0,0.0,0.0,0.0,2558.0,1.0,0.0,81.0,718.0,1635.0,113.0,8.0,3.0,0.0,0.032,0.281,0.639,0.044,0.003,0.001,6.166,6.13,57.16,0.18,0.0,0.0,0.0,0.0,0.0,0.0,0.0,0.0,0.0,0.0,0.0,0.0,0.0,0.0,,,,,0.0,0.0,0.0,0.0,0.0,0.0,[0],1.0,1.0,289.0,"[0, 0, 0, 0, 0, 0]"
v0.1-EST.5.12_1,Jõgeva,Tabivere,"[1, 1, 1, 0, 1, 1]",3130.0,447159.173,142.862,90.354,6377.388,20.201,48.491,150.198,0.0,0.0,0.0,0.0,3130.0,1.0,0.0,88.0,952.0,1961.0,115.0,12.0,2.0,0.0,0.028,0.304,0.627,0.037,0.004,0.001,6.088,6.17,33.68,0.19,0.0,0.0,0.0,0.0,0.0,0.0,0.0,0.0,0.0,0.0,0.0,0.0,0.0,0.0,,,,,0.0,0.0,0.0,0.0,0.0,0.0,[0],1.0,1.0,289.0,"[0, 0, 0, 0, 0, 0]"
v0.1-EST.5.13_1,Jõgeva,Torma,"[1, 1, 1, 0, 1, 1]",3480.0,545237.071,156.677,96.336,14964.277,20.261,53.699,154.196,0.0,0.0,0.0,0.0,3480.0,1.0,0.0,190.0,963.0,2150.0,148.0,26.0,3.0,0.0,0.055,0.277,0.618,0.043,0.007,0.001,6.015,6.015,33.76,0.17,0.0,0.0,0.0,0.0,0.0,0.0,0.0,0.0,0.0,0.0,0.0,0.0,0.0,0.0,,,,,0.0,0.0,0.0,0.0,0.0,0.0,[0],1.0,1.0,312.0,"[0, 0, 0, 0, 0, 0]"
v0.1-EST.7.1_1,Lääne,Haapsalu,"[1, 1, 1, 0, 1, 1]",3858.0,673247.602,174.507,97.926,7741.016,20.228,59.172,164.134,0.0,0.0,0.0,0.0,3858.0,1.0,0.0,8.0,1543.0,1923.0,293.0,85.0,6.0,0.0,0.002,0.4,0.498,0.076,0.022,0.002,6.532,6.09,41.6,0.47,0.0,0.0,0.0,0.0,0.0,0.0,0.0,0.0,0.0,0.0,0.0,0.0,0.0,0.0,,,,,0.0,0.0,0.0,0.0,0.0,0.0,[0],1.0,1.0,445.0,"[0, 0, 0, 0, 0, 0]"
v0.1-EST.7.2_1,Lääne,Hanila,"[1, 1, 1, 0, 1, 1]",2775.0,424167.772,152.853,92.041,7154.657,20.21,49.147,158.729,0.0,0.0,0.0,0.0,2775.0,1.0,0.0,36.0,897.0,1712.0,113.0,17.0,0.0,0.0,0.013,0.323,0.617,0.041,0.006,0.0,6.056,6.01,22.06,0.31,0.0,0.0,0.0,0.0,0.0,0.0,0.0,0.0,0.0,0.0,0.0,0.0,0.0,0.0,,,,,0.0,0.0,0.0,0.0,0.0,0.0,[0],1.0,1.0,104.0,"[0, 0, 0, 0, 0, 0]"
v0.1-EST.7.3_1,Lääne,Kullamaa,"[1, 1, 1, 0, 1, 1]",1798.0,288825.918,160.637,93.742,8959.771,15.663,48.098,169.277,0.0,0.0,0.0,0.0,1798.0,1.0,0.0,55.0,560.0,1112.0,63.0,5.0,3.0,0.0,0.031,0.311,0.618,0.035,0.003,0.002,6.046,5.98,39.34,0.23,0.0,0.0,0.0,0.0,0.0,0.0,0.0,0.0,0.0,0.0,0.0,0.0,0.0,0.0,,,,,0.0,0.0,0.0,0.0,0.0,0.0,[0],1.0,1.0,73.0,"[0, 0, 0, 0, 0, 0]"
v0.1-EST.7.4_1,Lääne,Lihula,"[1, 1, 1, 0, 1, 1]",3318.0,567757.319,171.114,100.095,9550.694,20.294,52.4,172.746,0.0,0.0,0.0,0.0,3318.0,1.0,0.0,120.0,1030.0,1994.0,155.0,17.0,2.0,0.0,0.036,0.31,0.601,0.047,0.005,0.001,6.042,5.945,27.59,0.11,0.0,0.0,0.0,0.0,0.0,0.0,0.0,0.0,0.0,0.0,0.0,0.0,0.0,0.0,,,,,0.0,0.0,0.0,0.0,0.0,0.0,[0],1.0,1.0,101.0,"[0, 0, 0, 0, 0, 0]"
v0.1-EST.7.5_1,Lääne,Martna,"[1, 1, 1, 0, 1, 1]",1911.0,321115.227,168.035,96.457,6723.248,20.192,51.203,165.565,0.0,0.0,0.0,0.0,1911.0,1.0,0.0,75.0,611.0,1156.0,57.0,11.0,1.0,0.0,0.039,0.32,0.605,0.03,0.006,0.001,5.902,5.97,26.86,0.16,0.0,0.0,0.0,0.0,0.0,0.0,0.0,0.0,0.0,0.0,0.0,0.0,0.0,0.0,,,,,0.0,0.0,0.0,0.0,0.0,0.0,[0],1.0,1.0,73.0,"[0, 0, 0, 0, 0, 0]"
v0.1-EST.7.6_1,Lääne,Noarootsi,"[1, 1, 1, 0, 1, 1]",2600.0,306126.843,117.741,75.215,6709.122,20.187,42.003,125.432,0.0,0.0,0.0,0.0,2600.0,1.0,0.0,80.0,903.0,1531.0,79.0,7.0,0.0,0.0,0.031,0.347,0.589,0.03,0.003,0.0,5.672,5.705,20.84,0.17,0.0,0.0,0.0,0.0,0.0,0.0,0.0,0.0,0.0,0.0,0.0,0.0,0.0,0.0,,,,,0.0,0.0,0.0,0.0,0.0,0.0,[0],1.0,1.0,73.0,"[0, 0, 0, 0, 0, 0]"
v0.1-EST.7.7_1,Lääne,Nõva,"[1, 1, 1, 0, 1, 1]",1104.0,129487.69,117.29,74.372,6632.755,20.209,41.345,122.529,0.0,0.0,0.0,0.0,1104.0,1.0,0.0,11.0,381.0,677.0,30.0,5.0,0.0,0.0,0.01,0.345,0.613,0.027,0.005,0.0,5.899,5.79,19.84,0.24,0.0,0.0,0.0,0.0,0.0,0.0,0.0,0.0,0.0,0.0,0.0,0.0,0.0,0.0,,,,,0.0,0.0,0.0,0.0,0.0,0.0,[0],1.0,1.0,0.0,"[0, 0, 0, 0, 0, 0]"
v0.1-EST.7.8_1,Lääne,Oru,"[1, 1, 1, 0, 1, 1]",1794.0,244991.487,136.562,81.803,7735.327,20.33,41.13,146.262,0.0,0.0,0.0,0.0,1794.0,1.0,0.0,43.0,660.0,1036.0,52.0,3.0,0.0,0.0,0.024,0.368,0.577,0.029,0.002,0.0,5.718,5.655,20.24,0.26,0.0,0.0,0.0,0.0,0.0,0.0,0.0,0.0,0.0,0.0,0.0,0.0,0.0,0.0,,,,,0.0,0.0,0.0,0.0,0.0,0.0,[0],1.0,1.0,337.0,"[0, 0, 0, 0, 0, 0]"
v0.1-EST.7.9_1,Lääne,Ridala,"[1, 1, 1, 0, 1, 1]",5331.0,778505.539,146.034,88.072,9085.593,20.215,43.783,145.946,0.0,0.0,0.0,0.0,5331.0,1.0,0.0,100.0,2139.0,2890.0,171.0,29.0,2.0,0.0,0.019,0.401,0.542,0.032,0.005,0.0,5.694,5.64,30.32,0.17,0.0,0.0,0.0,0.0,0.0,0.0,0.0,0.0,0.0,0.0,0.0,0.0,0.0,0.0,,,,,0.0,0.0,0.0,0.0,0.0,0.0,[0],1.0,1.0,1179.0,"[0, 0, 0, 0, 0, 0]"
v0.1-EST.7.10_1,Lääne,Risti,"[1, 1, 1, 0, 1, 1]",1208.0,163592.021,135.424,84.848,6645.294,20.19,49.188,134.2,0.0,0.0,0.0,0.0,1208.0,1.0,0.0,25.0,400.0,728.0,51.0,4.0,0.0,0.0,0.021,0.331,0.603,0.042,0.003,0.0,6.053,5.875,21.43,0.18,0.0,0.0,0.0,0.0,0.0,0.0,0.0,0.0,0.0,0.0,0.0,0.0,0.0,0.0,,,,,0.0,0.0,0.0,0.0,0.0,0.0,[0],1.0,1.0,104.0,"[0, 0, 0, 0, 0, 0]"
v0.1-EST.7.11_1,Lääne,Taebla,"[1, 1, 1, 0, 1, 1]",2320.0,416680.347,179.604,88.017,12842.022,20.304,44.876,161.981,0.0,0.0,0.0,0.0,2320.0,1.0,0.0,34.0,838.0,1318.0,117.0,12.0,1.0,0.0,0.015,0.361,0.568,0.05,0.005,0.0,5.997,5.86,29.09,0.19,0.0,0.0,0.0,0.0,0.0,0.0,0.0,0.0,0.0,0.0,0.0,0.0,0.0,0.0,,,,,0.0,0.0,0.0,0.0,0.0,0.0,[0],1.0,1.0,129.0,"[0, 0, 0, 0, 0, 0]"
v0.1-EST.7.12_1,Lääne,Vormsi,"[1, 1, 1, 0, 1, 1]",987.0,108833.421,110.267,83.806,3179.904,20.005,45.385,130.225,0.0,0.0,0.0,0.0,987.0,1.0,0.0,45.0,345.0,563.0,31.0,3.0,0.0,0.0,0.046,0.35,0.57,0.031,0.003,0.0,5.643,5.57,17.68,0.24,0.0,0.0,0.0,0.0,0.0,0.0,0.0,0.0,0.0,0.0,0.0,0.0,0.0,0.0,,,,,0.0,0.0,0.0,0.0,0.0,0.0,[0],1.0,1.0,1.0,"[0, 0, 0, 0, 0, 0]"
v0.1-EST.6.1_1,Lääne-Viru,Haljala,"[1, 1, 1, 0, 1, 1]",2887.0,557234.04,193.015,103.683,6463.277,20.194,53.323,172.382,0.0,0.0,0.0,0.0,2887.0,1.0,0.0,73.0,929.0,1714.0,157.0,11.0,3.0,0.0,0.025,0.322,0.594,0.054,0.004,0.001,6.108,6.06,47.85,0.11,0.0,0.0,0.0,0.0,0.0,0.0,0.0,0.0,0.0,0.0,0.0,0.0,0.0,0.0,,,,,0.0,0.0,0.0,0.0,0.0,0.0,[0],1.0,1.0,475.0,"[0, 0, 0, 0, 0, 0]"
v0.1-EST.6.2_1,Lääne-Viru,Kadrina,"[1, 1, 1, 0, 1, 1]",5079.0,843105.537,165.998,94.969,10127.966,20.216,53.342,153.155,0.0,0.0,0.0,0.0,5079.0,1.0,0.0,124.0,1632.0,3007.0,284.0,29.0,3.0,0.0,0.024,0.321,0.592,0.056,0.006,0.001,6.136,6.0,35.86,0.07,0.0,0.0,0.0,0.0,0.0,0.0,0.0,0.0,0.0,0.0,0.0,0.0,0.0,0.0,,,,,0.0,0.0,0.0,0.0,0.0,0.0,[0],1.0,1.0,663.0,"[0, 0, 0, 0, 0, 0]"
v0.1-EST.6.3_1,Lääne-Viru,Kunda,"[1, 1, 1, 0, 1, 1]",915.0,282592.932,308.845,107.524,13948.614,20.43,58.687,282.418,0.0,0.0,0.0,0.0,915.0,1.0,0.0,13.0,376.0,389.0,89.0,36.0,12.0,0.0,0.014,0.411,0.425,0.097,0.039,0.013,7.005,5.74,51.23,0.53,0.0,0.0,0.0,0.0,0.0,0.0,0.0,0.0,0.0,0.0,0.0,0.0,0.0,0.0,,,,,0.0,0.0,0.0,0.0,0.0,0.0,[0],1.0,1.0,101.0,"[0, 0, 0, 0, 0, 0]"
v0.1-EST.6.4_1,Lääne-Viru,Laekvere,"[1, 1, 1, 0, 1, 1]",2704.0,420181.472,155.393,102.479,6089.054,20.207,56.313,160.215,0.0,0.0,0.0,0.0,2704.0,1.0,0.0,151.0,729.0,1682.0,128.0,12.0,2.0,0.0,0.056,0.27,0.622,0.047,0.004,0.001,5.986,6.05,29.41,0.2,0.0,0.0,0.0,0.0,0.0,0.0,0.0,0.0,0.0,0.0,0.0,0.0,0.0,0.0,,,,,0.0,0.0,0.0,0.0,0.0,0.0,[0],1.0,1.0,129.0,"[0, 0, 0, 0, 0, 0]"
v0.1-EST.6.5_1,Lääne-Viru,Rägavere,"[1, 1, 1, 0, 1, 1]",1692.0,224408.717,132.629,88.494,6948.153,20.295,48.308,143.164,0.0,0.0,0.0,0.0,1692.0,1.0,0.0,43.0,491.0,1090.0,55.0,10.0,3.0,0.0,0.025,0.29,0.644,0.033,0.006,0.002,6.036,6.02,32.92,0.37,0.0,0.0,0.0,0.0,0.0,0.0,0.0,0.0,0.0,0.0,0.0,0.0,0.0,0.0,,,,,0.0,0.0,0.0,0.0,0.0,0.0,[0],1.0,1.0,183.0,"[0, 0, 0, 0, 0, 0]"
v0.1-EST.6.6_1,Lääne-Viru,Rakke,"[1, 1, 1, 0, 1, 1]",2121.0,346339.664,163.291,96.643,8005.721,20.251,55.603,157.549,0.0,0.0,0.0,0.0,2121.0,1.0,0.0,123.0,640.0,1235.0,112.0,9.0,2.0,0.0,0.058,0.302,0.582,0.053,0.004,0.001,6.014,5.96,43.67,0.34,0.0,0.0,0.0,0.0,0.0,0.0,0.0,0.0,0.0,0.0,0.0,0.0,0.0,0.0,,,,,0.0,0.0,0.0,0.0,0.0,0.0,[0],1.0,1.0,177.0,"[0, 0, 0, 0, 0, 0]"
v0.1-EST.6.7_1,Lääne-Viru,Rakvere,"[1, 1, 1, 0, 1, 1]",8120.0,1456302.343,179.348,103.127,18918.026,19.994,54.206,168.467,0.0,0.0,0.0,0.0,8120.0,1.0,0.0,60.0,3120.0,4294.0,518.0,121.0,7.0,0.0,0.007,0.384,0.529,0.064,0.015,0.001,6.357,6.125,51.88,0.16,0.0,0.0,0.0,0.0,0.0,0.0,0.0,0.0,0.0,0.0,0.0,0.0,0.0,0.0,,,,,0.0,0.0,0.0,0.0,0.0,0.0,[0],1.0,1.0,681.0,"[0, 0, 0, 0, 0, 0]"
v0.1-EST.6.8_1,Lääne-Viru,Sõmeru,"[1, 1, 1, 0, 1, 1]",3253.0,726905.321,223.457,102.489,52047.286,20.242,55.932,179.081,0.0,0.0,0.0,0.0,3253.0,1.0,0.0,93.0,1120.0,1791.0,217.0,25.0,7.0,0.0,0.029,0.344,0.551,0.067,0.008,0.002,6.167,5.94,44.35,0.34,0.0,0.0,0.0,0.0,0.0,0.0,0.0,0.0,0.0,0.0,0.0,0.0,0.0,0.0,,,,,0.0,0.0,0.0,0.0,0.0,0.0,[0],1.0,1.0,1791.0,"[0, 0, 0, 0, 0, 0]"
v0.1-EST.6.9_1,Lääne-Viru,Tamsalu,"[1, 1, 1, 0, 1, 1]",3336.0,679716.966,203.752,100.121,12023.79,20.233,58.534,172.774,0.0,0.0,0.0,0.0,3336.0,1.0,0.0,141.0,1075.0,1870.0,216.0,26.0,8.0,0.0,0.042,0.322,0.561,0.065,0.008,0.002,6.246,6.01,56.22,0.21,0.0,0.0,0.0,0.0,0.0,0.0,0.0,0.0,0.0,0.0,0.0,0.0,0.0,0.0,,,,,0.0,0.0,0.0,0.0,0.0,0.0,[0],1.0,1.0,356.0,"[0, 0, 0, 0, 0, 0]"
v0.1-EST.6.10_1,Lääne-Viru,Tapa,"[1, 1, 1, 0, 1, 1]",3935.0,644814.051,163.866,87.713,9826.612,20.181,50.365,143.823,0.0,0.0,0.0,0.0,3935.0,1.0,0.0,86.0,1532.0,2077.0,175.0,62.0,3.0,0.0,0.022,0.389,0.528,0.044,0.016,0.001,6.094,5.7,43.08,0.24,0.0,0.0,0.0,0.0,0.0,0.0,0.0,0.0,0.0,0.0,0.0,0.0,0.0,0.0,,,,,0.0,0.0,0.0,0.0,0.0,0.0,[0],1.0,1.0,134.0,"[0, 0, 0, 0, 0, 0]"
v0.1-EST.6.11_1,Lääne-Viru,Väike-Maarja,"[1, 1, 1, 0, 1, 1]",5209.0,1068245.027,205.077,109.984,13070.645,20.247,59.726,180.298,0.0,0.0,0.0,0.0,5209.0,1.0,0.0,282.0,1649.0,2896.0,334.0,46.0,2.0,0.0,0.054,0.317,0.556,0.064,0.009,0.0,6.081,6.01,42.42,0.17,0.0,0.0,0.0,0.0,0.0,0.0,0.0,0.0,0.0,0.0,0.0,0.0,0.0,0.0,,,,,0.0,0.0,0.0,0.0,0.0,0.0,[0],1.0,1.0,168.0,"[0, 0, 0, 0, 0, 0]"
v0.1-EST.6.12_1,Lääne-Viru,Vihula,"[1, 1, 1, 0, 1, 1]",6090.0,675469.287,110.914,81.846,8490.651,20.191,46.139,128.427,0.0,0.0,0.0,0.0,6090.0,1.0,0.0,109.0,2106.0,3552.0,283.0,37.0,3.0,0.0,0.018,0.346,0.583,0.046,0.006,0.0,6.039,5.815,45.23,0.16,0.0,0.0,0.0,0.0,0.0,0.0,0.0,0.0,0.0,0.0,0.0,0.0,0.0,0.0,,,,,0.0,0.0,0.0,0.0,0.0,0.0,[0],1.0,1.0,358.0,"[0, 0, 0, 0, 0, 0]"
v0.1-EST.6.13_1,Lääne-Viru,Vinni,"[1, 1, 1, 0, 1, 1]",5266.0,975641.879,185.272,103.783,16017.254,19.046,56.59,172.025,0.0,0.0,0.0,0.0,5266.0,1.0,0.0,121.0,1658.0,3183.0,280.0,23.0,1.0,0.0,0.023,0.315,0.604,0.053,0.004,0.0,6.141,6.08,38.55,0.07,0.0,0.0,0.0,0.0,0.0,0.0,0.0,0.0,0.0,0.0,0.0,0.0,0.0,0.0,,,,,0.0,0.0,0.0,0.0,0.0,0.0,[0],1.0,1.0,922.0,"[0, 0, 0, 0, 0, 0]"
v0.1-EST.6.14_1,Lääne-Viru,Viru-Nigula,"[1, 1, 1, 0, 1, 1]",3009.0,438057.477,145.582,88.325,11411.64,18.642,45.189,146.071,0.0,0.0,0.0,0.0,3009.0,1.0,0.0,106.0,1046.0,1737.0,105.0,13.0,2.0,0.0,0.035,0.348,0.577,0.035,0.004,0.001,5.771,5.74,32.5,0.31,0.0,0.0,0.0,0.0,0.0,0.0,0.0,0.0,0.0,0.0,0.0,0.0,0.0,0.0,,,,,0.0,0.0,0.0,0.0,0.0,0.0,[0],1.0,1.0,375.0,"[0, 0, 0, 0, 0, 0]"
v0.1-EST.8.1_1,Pärnu,Are,"[1, 1, 1, 0, 1, 1]",1511.0,287933.65,190.558,106.694,6738.141,20.26,62.964,170.601,0.0,0.0,0.0,0.0,1511.0,1.0,0.0,9.0,434.0,960.0,102.0,6.0,0.0,0.0,0.006,0.287,0.635,0.068,0.004,0.0,6.476,6.43,17.26,0.86,0.0,0.0,0.0,0.0,0.0,0.0,0.0,0.0,0.0,0.0,0.0,0.0,0.0,0.0,,,,,0.0,0.0,0.0,0.0,0.0,0.0,[0],1.0,1.0,113.0,"[0, 0, 0, 0, 0, 0]"
v0.1-EST.8.2_1,Pärnu,Audru,"[1, 1, 1, 0, 1, 1]",6032.0,905833.103,150.171,96.66,11978.199,20.225,50.693,162.963,0.0,0.0,0.0,0.0,6032.0,1.0,0.0,56.0,2263.0,3429.0,250.0,31.0,3.0,0.0,0.009,0.375,0.568,0.041,0.005,0.0,5.989,5.88,29.15,0.47,0.0,0.0,0.0,0.0,0.0,0.0,0.0,0.0,0.0,0.0,0.0,0.0,0.0,0.0,,,,,0.0,0.0,0.0,0.0,0.0,0.0,[0],1.0,1.0,1165.0,"[0, 0, 0, 0, 0, 0]"
v0.1-EST.8.3_1,Pärnu,Häädemeeste,"[1, 1, 1, 0, 1, 1]",4794.0,603983.731,125.987,84.745,10574.155,20.19,47.583,132.251,0.0,0.0,0.0,0.0,4794.0,1.0,0.0,61.0,1683.0,2847.0,175.0,26.0,2.0,0.0,0.013,0.351,0.594,0.037,0.005,0.0,5.889,5.75,34.67,0.75,0.0,0.0,0.0,0.0,0.0,0.0,0.0,0.0,0.0,0.0,0.0,0.0,0.0,0.0,,,,,0.0,0.0,0.0,0.0,0.0,0.0,[0],1.0,1.0,122.0,"[0, 0, 0, 0, 0, 0]"
v0.1-EST.8.4_1,Pärnu,Halinga,"[1, 1, 1, 0, 1, 1]",3125.0,632435.363,202.379,106.057,23924.004,20.278,62.182,176.057,0.0,0.0,0.0,0.0,3125.0,1.0,0.0,47.0,836.0,2051.0,182.0,8.0,1.0,0.0,0.015,0.268,0.656,0.058,0.003,0.0,6.441,6.41,35.8,0.25,0.0,0.0,0.0,0.0,0.0,0.0,0.0,0.0,0.0,0.0,0.0,0.0,0.0,0.0,,,,,0.0,0.0,0.0,0.0,0.0,0.0,[0],1.0,1.0,132.0,"[0, 0, 0, 0, 0, 0]"
v0.1-EST.8.5_1,Pärnu,Kaisama,"[1, 1, 1, 0, 1, 1]",865.0,151446.613,175.083,113.694,3350.885,20.185,55.774,179.03,0.0,0.0,0.0,0.0,865.0,1.0,0.0,26.0,251.0,553.0,32.0,2.0,1.0,0.0,0.03,0.29,0.639,0.037,0.002,0.001,6.06,6.07,33.98,0.21,0.0,0.0,0.0,0.0,0.0,0.0,0.0,0.0,0.0,0.0,0.0,0.0,0.0,0.0,,,,,0.0,0.0,0.0,0.0,0.0,0.0,[0],1.0,1.0,342.0,"[0, 0, 0, 0, 0, 0]"
v0.1-EST.8.6_1,Pärnu,Kihnu,"[1, 1, 1, 0, 1, 1]",1182.0,102751.677,86.93,64.261,1443.845,20.017,42.392,102.833,0.0,0.0,0.0,0.0,1182.0,1.0,0.0,1.0,428.0,717.0,36.0,0.0,0.0,0.0,0.001,0.362,0.607,0.03,0.0,0.0,5.717,5.6,14.73,1.78,0.0,0.0,0.0,0.0,0.0,0.0,0.0,0.0,0.0,0.0,0.0,0.0,0.0,0.0,,,,,0.0,0.0,0.0,0.0,0.0,0.0,[0],1.0,1.0,0.0,"[0, 0, 0, 0, 0, 0]"
v0.1-EST.8.7_1,Pärnu,Koonga,"[1, 1, 1, 0, 1, 1]",1510.0,277494.457,183.771,104.235,9797.913,20.226,54.471,184.252,0.0,0.0,0.0,0.0,1510.0,1.0,0.0,15.0,465.0,935.0,87.0,7.0,1.0,0.0,0.01,0.308,0.619,0.058,0.005,0.001,6.247,6.14,31.98,0.95,0.0,0.0,0.0,0.0,0.0,0.0,0.0,0.0,0.0,0.0,0.0,0.0,0.0,0.0,,,,,0.0,0.0,0.0,0.0,0.0,0.0,[0],1.0,1.0,127.0,"[0, 0, 0, 0, 0, 0]"
v0.1-EST.8.8_1,Pärnu,Lavassaare,"[1, 1, 1, 0, 1, 1]",203.0,33373.068,164.399,75.741,1564.818,20.328,32.277,181.626,0.0,0.0,0.0,0.0,203.0,1.0,0.0,0.0,81.0,92.0,29.0,1.0,0.0,0.0,0.0,0.399,0.453,0.143,0.005,0.0,6.434,5.62,24.34,2.26,0.0,0.0,0.0,0.0,0.0,0.0,0.0,0.0,0.0,0.0,0.0,0.0,0.0,0.0,,,,,0.0,0.0,0.0,0.0,0.0,0.0,[0],1.0,1.0,13.0,"[0, 0, 0, 0, 0, 0]"
v0.1-EST.8.9_1,Pärnu,Paikuse,"[1, 1, 1, 0, 1, 1]",2197.0,421252.519,191.74,127.173,7919.328,20.24,55.756,198.144,0.0,0.0,0.0,0.0,2197.0,1.0,0.0,17.0,792.0,1238.0,129.0,18.0,3.0,0.0,0.008,0.36,0.563,0.059,0.008,0.001,6.254,6.11,29.26,0.33,0.0,0.0,0.0,0.0,0.0,0.0,0.0,0.0,0.0,0.0,0.0,0.0,0.0,0.0,,,,,0.0,0.0,0.0,0.0,0.0,0.0,[0],1.0,1.0,2477.0,"[0, 0, 0, 0, 0, 0]"
v0.1-EST.8.10_1,Pärnu,Pärnu,"[1, 1, 1, 0, 1, 1]",13794.0,2704942.977,196.096,95.938,37394.682,12.768,55.04,162.04,0.0,0.0,0.0,0.0,13794.0,1.0,0.0,38.0,5245.0,7042.0,1148.0,295.0,26.0,0.0,0.003,0.38,0.511,0.083,0.021,0.002,6.6,6.25,38.63,0.14,0.0,0.0,0.0,0.0,0.0,0.0,0.0,0.0,0.0,0.0,0.0,0.0,0.0,0.0,,,,,0.0,0.0,0.0,0.0,0.0,0.0,[0],1.0,1.0,808.0,"[0, 0, 0, 0, 0, 0]"
v0.1-EST.8.11_1,Pärnu,Saarde,"[1, 1, 1, 0, 1, 1]",5306.0,819934.635,154.53,95.966,9974.292,20.206,51.468,157.979,0.0,0.0,0.0,0.0,5306.0,1.0,0.0,96.0,1657.0,3288.0,229.0,35.0,1.0,0.0,0.018,0.312,0.62,0.043,0.007,0.0,6.144,6.005,31.18,0.38,0.0,0.0,0.0,0.0,0.0,0.0,0.0,0.0,0.0,0.0,0.0,0.0,0.0,0.0,,,,,0.0,0.0,0.0,0.0,0.0,0.0,[0],1.0,1.0,89.0,"[0, 0, 0, 0, 0, 0]"
v0.1-EST.8.12_1,Pärnu,Sauga,"[1, 1, 1, 0, 1, 1]",4242.0,611720.748,144.206,99.298,8778.827,20.206,47.891,163.232,0.0,0.0,0.0,0.0,4242.0,1.0,0.0,42.0,1835.0,2222.0,131.0,11.0,1.0,0.0,0.01,0.433,0.524,0.031,0.003,0.0,5.675,5.465,46.44,0.19,0.0,0.0,0.0,0.0,0.0,0.0,0.0,0.0,0.0,0.0,0.0,0.0,0.0,0.0,,,,,0.0,0.0,0.0,0.0,0.0,0.0,[0],1.0,1.0,2243.0,"[0, 0, 0, 0, 0, 0]"
v0.1-EST.8.13_1,Pärnu,Sindi,"[1, 1, 1, 0, 1, 1]",2317.0,311697.123,134.526,94.42,19823.386,20.248,50.354,146.101,0.0,0.0,0.0,0.0,2317.0,1.0,0.0,11.0,972.0,1215.0,97.0,18.0,4.0,0.0,0.005,0.42,0.524,0.042,0.008,0.002,6.058,5.5,31.97,0.3,0.0,0.0,0.0,0.0,0.0,0.0,0.0,0.0,0.0,0.0,0.0,0.0,0.0,0.0,,,,,0.0,0.0,0.0,0.0,0.0,0.0,[0],1.0,1.0,685.0,"[0, 0, 0, 0, 0, 0]"
v0.1-EST.8.14_1,Pärnu,Surju,"[1, 1, 1, 0, 1, 1]",1452.0,187750.997,129.305,89.216,11162.857,20.324,47.589,146.708,0.0,0.0,0.0,0.0,1452.0,1.0,0.0,20.0,471.0,904.0,57.0,0.0,0.0,0.0,0.014,0.324,0.623,0.039,0.0,0.0,5.957,5.905,14.2,0.94,0.0,0.0,0.0,0.0,0.0,0.0,0.0,0.0,0.0,0.0,0.0,0.0,0.0,0.0,,,,,0.0,0.0,0.0,0.0,0.0,0.0,[0],1.0,1.0,274.0,"[0, 0, 0, 0, 0, 0]"
v0.1-EST.8.15_1,Pärnu,Tahkuranna,"[1, 1, 1, 0, 1, 1]",3086.0,405132.297,131.281,95.804,5393.357,20.255,49.091,157.291,0.0,0.0,0.0,0.0,3086.0,1.0,0.0,15.0,1138.0,1769.0,147.0,16.0,1.0,0.0,0.005,0.369,0.573,0.048,0.005,0.0,5.965,5.75,44.79,0.8,0.0,0.0,0.0,0.0,0.0,0.0,0.0,0.0,0.0,0.0,0.0,0.0,0.0,0.0,,,,,0.0,0.0,0.0,0.0,0.0,0.0,[0],1.0,1.0,1758.0,"[0, 0, 0, 0, 0, 0]"
v0.1-EST.8.16_1,Pärnu,Tori,"[1, 1, 1, 0, 1, 1]",3106.0,527813.52,169.934,88.396,15478.424,20.197,45.714,161.077,0.0,0.0,0.0,0.0,3106.0,1.0,0.0,26.0,1142.0,1731.0,186.0,21.0,0.0,0.0,0.008,0.368,0.557,0.06,0.007,0.0,6.119,5.8,23.01,0.9,0.0,0.0,0.0,0.0,0.0,0.0,0.0,0.0,0.0,0.0,0.0,0.0,0.0,0.0,,,,,0.0,0.0,0.0,0.0,0.0,0.0,[0],1.0,1.0,555.0,"[0, 0, 0, 0, 0, 0]"
v0.1-EST.8.17_1,Pärnu,Tõstamaa,"[1, 1, 1, 0, 1, 1]",2546.0,331967.008,130.388,89.753,4549.165,20.198,51.565,144.994,0.0,0.0,0.0,0.0,2546.0,1.0,0.0,21.0,674.0,1702.0,130.0,18.0,1.0,0.0,0.008,0.265,0.668,0.051,0.007,0.0,6.372,6.29,26.68,0.99,0.0,0.0,0.0,0.0,0.0,0.0,0.0,0.0,0.0,0.0,0.0,0.0,0.0,0.0,,,,,0.0,0.0,0.0,0.0,0.0,0.0,[0],1.0,1.0,153.0,"[0, 0, 0, 0, 0, 0]"
v0.1-EST.8.19_1,Pärnu,Vändra,"[1, 1, 1, 0, 1, 1]",3288.0,579500.277,176.247,98.15,16968.403,20.334,51.835,175.829,0.0,0.0,0.0,0.0,3288.0,1.0,0.0,73.0,1078.0,1997.0,123.0,12.0,5.0,0.0,0.022,0.328,0.607,0.037,0.004,0.002,6.074,5.96,33.0,0.28,0.0,0.0,0.0,0.0,0.0,0.0,0.0,0.0,0.0,0.0,0.0,0.0,0.0,0.0,,,,,0.0,0.0,0.0,0.0,0.0,0.0,[0],1.0,1.0,1335.0,"[0, 0, 0, 0, 0, 0]"
v0.1-EST.8.18_1,Pärnu,Vändra vald (alev),"[1, 1, 1, 0, 1, 1]",1221.0,215967.025,176.877,101.674,8446.985,20.192,57.113,174.765,0.0,0.0,0.0,0.0,1221.0,1.0,0.0,5.0,443.0,660.0,106.0,6.0,1.0,0.0,0.004,0.363,0.541,0.087,0.005,0.001,6.395,6.07,29.11,0.39,0.0,0.0,0.0,0.0,0.0,0.0,0.0,0.0,0.0,0.0,0.0,0.0,0.0,0.0,,,,,0.0,0.0,0.0,0.0,0.0,0.0,[0],1.0,1.0,212.0,"[0, 0, 0, 0, 0, 0]"
v0.1-EST.8.20_1,Pärnu,Varbla,"[1, 1, 1, 0, 1, 1]",2187.0,294670.195,134.737,87.472,4692.015,20.348,49.503,147.856,0.0,0.0,0.0,0.0,2187.0,1.0,0.0,22.0,698.0,1351.0,107.0,8.0,1.0,0.0,0.01,0.319,0.618,0.049,0.004,0.0,6.12,6.01,35.55,0.7,0.0,0.0,0.0,0.0,0.0,0.0,0.0,0.0,0.0,0.0,0.0,0.0,0.0,0.0,,,,,0.0,0.0,0.0,0.0,0.0,0.0,[0],1.0,1.0,118.0,"[0, 0, 0, 0, 0, 0]"
v0.1-EST.9.1_1,Peipsi,Peipsi,"[0, 0, 0, 0, 0, 1]",0.0,0.0,0.0,0.0,0.0,0.0,0.0,0.0,0.0,0.0,0.0,0.0,0.0,0.0,0.0,0.0,0.0,0.0,0.0,0.0,0.0,,0.0,0.0,0.0,0.0,0.0,0.0,0.0,0.0,0.0,0.0,0.0,0.0,0.0,0.0,0.0,0.0,0.0,0.0,0.0,0.0,0.0,0.0,0.0,0.0,0.0,0.0,0.0,0.0,0.0,0.0,0.0,0.0,0.0,0.0,[0],1.0,1.0,0.0,"[0, 0, 0, 0, 0, 0]"
v0.1-EST.10.1_1,Põlva,Ahja,"[1, 1, 1, 0, 1, 1]",1766.0,236386.548,133.854,87.717,5632.037,20.289,45.981,147.769,0.0,0.0,0.0,0.0,1766.0,1.0,0.0,42.0,500.0,1169.0,46.0,9.0,0.0,0.0,0.024,0.283,0.662,0.026,0.005,0.0,6.147,6.235,20.4,0.19,0.0,0.0,0.0,0.0,0.0,0.0,0.0,0.0,0.0,0.0,0.0,0.0,0.0,0.0,,,,,0.0,0.0,0.0,0.0,0.0,0.0,[0],1.0,1.0,147.0,"[0, 0, 0, 0, 0, 0]"
v0.1-EST.10.2_1,Põlva,Kanepi,"[1, 1, 1, 0, 1, 1]",4274.0,582493.909,136.288,90.989,6517.156,20.209,49.64,140.812,0.0,0.0,0.0,0.0,4274.0,1.0,0.0,119.0,1092.0,2913.0,143.0,6.0,1.0,0.0,0.028,0.255,0.682,0.033,0.001,0.0,6.152,6.22,26.95,0.21,0.0,0.0,0.0,0.0,0.0,0.0,0.0,0.0,0.0,0.0,0.0,0.0,0.0,0.0,,,,,0.0,0.0,0.0,0.0,0.0,0.0,[0],1.0,1.0,730.0,"[0, 0, 0, 0, 0, 0]"
v0.1-EST.10.3_1,Põlva,Kõlleste,"[1, 1, 1, 0, 1, 1]",2397.0,296433.142,123.668,80.209,7676.453,20.238,42.287,131.473,0.0,0.0,0.0,0.0,2397.0,1.0,0.0,71.0,750.0,1496.0,71.0,6.0,3.0,0.0,0.03,0.313,0.624,0.03,0.003,0.001,5.994,5.97,32.19,0.38,0.0,0.0,0.0,0.0,0.0,0.0,0.0,0.0,0.0,0.0,0.0,0.0,0.0,0.0,,,,,0.0,0.0,0.0,0.0,0.0,0.0,[0],1.0,1.0,361.0,"[0, 0, 0, 0, 0, 0]"
v0.1-EST.10.4_1,Põlva,Laheda,"[1, 1, 1, 0, 1, 1]",2179.0,279651.247,128.339,93.171,5795.273,20.189,50.107,142.851,0.0,0.0,0.0,0.0,2179.0,1.0,0.0,45.0,465.0,1594.0,69.0,6.0,0.0,0.0,0.021,0.213,0.732,0.032,0.003,0.0,6.315,6.31,22.74,0.29,0.0,0.0,0.0,0.0,0.0,0.0,0.0,0.0,0.0,0.0,0.0,0.0,0.0,0.0,,,,,0.0,0.0,0.0,0.0,0.0,0.0,[0],1.0,1.0,443.0,"[0, 0, 0, 0, 0, 0]"
v0.1-EST.10.5_1,Põlva,Mikitamäe,"[1, 1, 1, 0, 1, 1]",2401.0,263760.125,109.854,79.308,3299.251,20.242,45.699,120.215,0.0,0.0,0.0,0.0,2401.0,1.0,0.0,75.0,601.0,1669.0,51.0,5.0,0.0,0.0,0.031,0.25,0.695,0.021,0.002,0.0,6.076,6.26,22.4,0.27,0.0,0.0,0.0,0.0,0.0,0.0,0.0,0.0,0.0,0.0,0.0,0.0,0.0,0.0,,,,,0.0,0.0,0.0,0.0,0.0,0.0,[0],1.0,1.0,502.0,"[0, 0, 0, 0, 0, 0]"
v0.1-EST.10.6_1,Põlva,Mooste,"[1, 1, 1, 0, 1, 1]",2551.0,356147.501,139.611,89.447,8121.443,18.645,48.858,141.664,0.0,0.0,0.0,0.0,2551.0,1.0,0.0,93.0,616.0,1758.0,77.0,4.0,3.0,0.0,0.036,0.241,0.689,0.03,0.002,0.001,6.213,6.3,35.45,0.14,0.0,0.0,0.0,0.0,0.0,0.0,0.0,0.0,0.0,0.0,0.0,0.0,0.0,0.0,,,,,0.0,0.0,0.0,0.0,0.0,0.0,[0],1.0,1.0,577.0,"[0, 0, 0, 0, 0, 0]"
v0.1-EST.10.7_1,Põlva,Orava,"[1, 1, 1, 0, 1, 1]",1846.0,223184.26,120.902,82.812,7041.393,20.352,45.949,130.627,0.0,0.0,0.0,0.0,1846.0,1.0,0.0,58.0,483.0,1253.0,48.0,4.0,0.0,0.0,0.031,0.262,0.679,0.026,0.002,0.0,6.034,6.095,16.53,0.24,0.0,0.0,0.0,0.0,0.0,0.0,0.0,0.0,0.0,0.0,0.0,0.0,0.0,0.0,,,,,0.0,0.0,0.0,0.0,0.0,0.0,[0],1.0,1.0,375.0,"[0, 0, 0, 0, 0, 0]"
v0.1-EST.10.9_1,Põlva,Põlva,"[1, 1, 1, 0, 1, 1]",6328.0,903447.383,142.77,85.23,11778.822,20.195,45.873,140.06,0.0,0.0,0.0,0.0,6328.0,1.0,0.0,91.0,1779.0,4216.0,223.0,17.0,2.0,0.0,0.014,0.281,0.666,0.035,0.003,0.0,6.159,6.09,28.34,0.07,0.0,0.0,0.0,0.0,0.0,0.0,0.0,0.0,0.0,0.0,0.0,0.0,0.0,0.0,,,,,0.0,0.0,0.0,0.0,0.0,0.0,[0],1.0,1.0,1934.0,"[0, 0, 0, 0, 0, 0]"
v0.1-EST.10.8_1,Põlva,Põlva Vald,"[1, 1, 1, 0, 1, 1]",1552.0,387951.17,249.969,107.275,12725.555,20.214,59.843,206.648,0.0,0.0,0.0,0.0,1552.0,1.0,0.0,5.0,521.0,820.0,167.0,36.0,3.0,0.0,0.003,0.336,0.528,0.108,0.023,0.002,6.84,6.27,29.41,0.31,0.0,0.0,0.0,0.0,0.0,0.0,0.0,0.0,0.0,0.0,0.0,0.0,0.0,0.0,,,,,0.0,0.0,0.0,0.0,0.0,0.0,[0],1.0,1.0,583.0,"[0, 0, 0, 0, 0, 0]"
v0.1-EST.10.10_1,Põlva,Räpina,"[1, 1, 1, 0, 1, 1]",6189.0,873393.822,141.12,92.271,8201.99,20.181,53.45,144.094,0.0,0.0,0.0,0.0,6189.0,1.0,0.0,149.0,1603.0,4165.0,243.0,26.0,3.0,0.0,0.024,0.259,0.673,0.039,0.004,0.0,6.342,6.28,95.65,0.11,0.0,0.0,0.0,0.0,0.0,0.0,0.0,0.0,0.0,0.0,0.0,0.0,0.0,0.0,,,,,0.0,0.0,0.0,0.0,0.0,0.0,[0],1.0,1.0,627.0,"[0, 0, 0, 0, 0, 0]"
v0.1-EST.10.11_1,Põlva,Valgjärve,"[1, 1, 1, 0, 1, 1]",2687.0,402161.83,149.669,98.408,5962.746,20.22,50.18,157.231,0.0,0.0,0.0,0.0,2687.0,1.0,0.0,57.0,657.0,1833.0,130.0,10.0,0.0,0.0,0.021,0.245,0.682,0.048,0.004,0.0,6.43,6.49,23.42,0.55,0.0,0.0,0.0,0.0,0.0,0.0,0.0,0.0,0.0,0.0,0.0,0.0,0.0,0.0,,,,,0.0,0.0,0.0,0.0,0.0,0.0,[0],1.0,1.0,393.0,"[0, 0, 0, 0, 0, 0]"
v0.1-EST.10.12_1,Põlva,Värska,"[1, 1, 1, 0, 1, 1]",2409.0,272403.281,113.077,78.388,5456.113,20.23,44.853,116.4,0.0,0.0,0.0,0.0,2409.0,1.0,0.0,49.0,657.0,1614.0,81.0,7.0,1.0,0.0,0.02,0.273,0.67,0.034,0.003,0.0,6.103,6.02,25.68,0.3,0.0,0.0,0.0,0.0,0.0,0.0,0.0,0.0,0.0,0.0,0.0,0.0,0.0,0.0,,,,,0.0,0.0,0.0,0.0,0.0,0.0,[0],1.0,1.0,222.0,"[0, 0, 0, 0, 0, 0]"
v0.1-EST.10.13_1,Põlva,Vastse-Kuuste,"[1, 1, 1, 0, 1, 1]",2100.0,273846.021,130.403,86.029,12494.621,20.414,46.059,141.908,0.0,0.0,0.0,0.0,2100.0,1.0,0.0,49.0,616.0,1347.0,80.0,7.0,1.0,0.0,0.023,0.293,0.641,0.038,0.003,0.0,6.151,6.05,54.36,0.24,0.0,0.0,0.0,0.0,0.0,0.0,0.0,0.0,0.0,0.0,0.0,0.0,0.0,0.0,,,,,0.0,0.0,0.0,0.0,0.0,0.0,[0],1.0,1.0,737.0,"[0, 0, 0, 0, 0, 0]"
v0.1-EST.10.14_1,Põlva,Veriora,"[1, 1, 1, 0, 1, 1]",2842.0,345671.21,121.63,82.066,7994.498,20.207,45.397,130.858,0.0,0.0,0.0,0.0,2842.0,1.0,0.0,83.0,736.0,1934.0,83.0,6.0,0.0,0.0,0.029,0.259,0.681,0.029,0.002,0.0,6.084,6.12,23.91,0.18,0.0,0.0,0.0,0.0,0.0,0.0,0.0,0.0,0.0,0.0,0.0,0.0,0.0,0.0,,,,,0.0,0.0,0.0,0.0,0.0,0.0,[0],1.0,1.0,567.0,"[0, 0, 0, 0, 0, 0]"
v0.1-EST.11.1_1,Rapla,Järvakandi,"[1, 1, 1, 0, 1, 1]",809.0,144381.074,178.469,81.381,12389.922,20.378,31.429,130.781,0.0,0.0,0.0,0.0,809.0,1.0,0.0,3.0,460.0,265.0,70.0,9.0,2.0,0.0,0.004,0.569,0.328,0.087,0.011,0.002,5.661,4.48,34.0,1.17,0.0,0.0,0.0,0.0,0.0,0.0,0.0,0.0,0.0,0.0,0.0,0.0,0.0,0.0,,,,,0.0,0.0,0.0,0.0,0.0,0.0,[0],1.0,1.0,14.0,"[0, 0, 0, 0, 0, 0]"
v0.1-EST.11.2_1,Rapla,Juuru,"[1, 1, 1, 0, 1, 1]",2332.0,374608.073,160.638,100.298,6848.652,20.19,47.078,170.34,0.0,0.0,0.0,0.0,2332.0,1.0,0.0,44.0,891.0,1300.0,87.0,9.0,1.0,0.0,0.019,0.382,0.557,0.037,0.004,0.0,5.842,5.67,30.41,0.26,0.0,0.0,0.0,0.0,0.0,0.0,0.0,0.0,0.0,0.0,0.0,0.0,0.0,0.0,,,,,0.0,0.0,0.0,0.0,0.0,0.0,[0],1.0,1.0,368.0,"[0, 0, 0, 0, 0, 0]"
v0.1-EST.11.3_1,Rapla,Kaiu,"[1, 1, 1, 0, 1, 1]",1961.0,350111.69,178.537,101.985,12839.144,20.19,51.138,178.2,0.0,0.0,0.0,0.0,1961.0,1.0,0.0,84.0,561.0,1223.0,77.0,15.0,1.0,0.0,0.043,0.286,0.624,0.039,0.008,0.001,6.054,5.98,42.06,0.17,0.0,0.0,0.0,0.0,0.0,0.0,0.0,0.0,0.0,0.0,0.0,0.0,0.0,0.0,,,,,0.0,0.0,0.0,0.0,0.0,0.0,[0],1.0,1.0,103.0,"[0, 0, 0, 0, 0, 0]"
v0.1-EST.11.4_1,Rapla,Käru,"[1, 1, 1, 0, 1, 1]",983.0,152780.977,155.423,99.153,2953.9,20.408,56.881,165.854,0.0,0.0,0.0,0.0,983.0,1.0,0.0,60.0,295.0,593.0,34.0,1.0,0.0,0.0,0.061,0.3,0.603,0.035,0.001,0.0,5.772,5.8,18.91,0.09,0.0,0.0,0.0,0.0,0.0,0.0,0.0,0.0,0.0,0.0,0.0,0.0,0.0,0.0,,,,,0.0,0.0,0.0,0.0,0.0,0.0,[0],1.0,1.0,75.0,"[0, 0, 0, 0, 0, 0]"
v0.1-EST.11.5_1,Rapla,Kehtna,"[1, 1, 1, 0, 1, 1]",4954.0,867092.829,175.029,103.135,13766.367,17.065,55.571,179.558,0.0,0.0,0.0,0.0,4954.0,1.0,0.0,157.0,1502.0,3049.0,222.0,23.0,1.0,0.0,0.032,0.303,0.615,0.045,0.005,0.0,6.115,6.09,35.78,0.06,0.0,0.0,0.0,0.0,0.0,0.0,0.0,0.0,0.0,0.0,0.0,0.0,0.0,0.0,,,,,0.0,0.0,0.0,0.0,0.0,0.0,[0],1.0,1.0,721.0,"[0, 0, 0, 0, 0, 0]"
v0.1-EST.11.6_1,Rapla,Kohila,"[1, 1, 1, 0, 1, 1]",10473.0,1169275.069,111.647,79.37,30213.625,17.24,39.194,125.87,0.0,0.0,0.0,0.0,10473.0,1.0,0.0,126.0,4847.0,5128.0,340.0,27.0,5.0,0.0,0.012,0.463,0.49,0.032,0.003,0.0,5.573,5.19,90.67,0.16,0.0,0.0,0.0,0.0,0.0,0.0,0.0,0.0,0.0,0.0,0.0,0.0,0.0,0.0,,,,,0.0,0.0,0.0,0.0,0.0,0.0,[0],1.0,1.0,997.0,"[0, 0, 0, 0, 0, 0]"
v0.1-EST.11.7_1,Rapla,Märjamaa,"[1, 1, 1, 0, 1, 1]",8978.0,1423319.504,158.534,99.3,8037.17,18.729,52.294,173.676,0.0,0.0,0.0,0.0,8978.0,1.0,0.0,306.0,2796.0,5481.0,345.0,45.0,5.0,0.0,0.034,0.311,0.61,0.038,0.005,0.001,6.06,6.0,65.01,0.14,0.0,0.0,0.0,0.0,0.0,0.0,0.0,0.0,0.0,0.0,0.0,0.0,0.0,0.0,,,,,0.0,0.0,0.0,0.0,0.0,0.0,[0],1.0,1.0,256.0,"[0, 0, 0, 0, 0, 0]"
v0.1-EST.11.8_1,Rapla,Raikküla,"[1, 1, 1, 0, 1, 1]",2406.0,417879.165,173.682,105.95,8310.057,20.347,54.977,186.025,0.0,0.0,0.0,0.0,2406.0,1.0,0.0,109.0,704.0,1501.0,84.0,7.0,1.0,0.0,0.045,0.293,0.624,0.035,0.003,0.0,6.043,6.05,37.89,0.13,0.0,0.0,0.0,0.0,0.0,0.0,0.0,0.0,0.0,0.0,0.0,0.0,0.0,0.0,,,,,0.0,0.0,0.0,0.0,0.0,0.0,[0],1.0,1.0,191.0,"[0, 0, 0, 0, 0, 0]"
v0.1-EST.11.9_1,Rapla,Rapla,"[1, 1, 1, 0, 1, 1]",6473.0,1015326.328,156.856,92.003,6990.191,20.205,45.552,165.921,0.0,0.0,0.0,0.0,6473.0,1.0,0.0,110.0,2505.0,3483.0,321.0,48.0,6.0,0.0,0.017,0.387,0.538,0.05,0.007,0.001,6.02,5.78,58.82,0.07,0.0,0.0,0.0,0.0,0.0,0.0,0.0,0.0,0.0,0.0,0.0,0.0,0.0,0.0,,,,,0.0,0.0,0.0,0.0,0.0,0.0,[0],1.0,1.0,796.0,"[0, 0, 0, 0, 0, 0]"
v0.1-EST.11.10_1,Rapla,Vigala,"[1, 1, 1, 0, 1, 1]",2425.0,400224.039,165.041,96.952,7398.955,20.217,51.024,170.229,0.0,0.0,0.0,0.0,2425.0,1.0,0.0,90.0,697.0,1543.0,82.0,11.0,2.0,0.0,0.037,0.287,0.636,0.034,0.005,0.001,6.066,6.04,28.1,0.22,0.0,0.0,0.0,0.0,0.0,0.0,0.0,0.0,0.0,0.0,0.0,0.0,0.0,0.0,,,,,0.0,0.0,0.0,0.0,0.0,0.0,[0],1.0,1.0,158.0,"[0, 0, 0, 0, 0, 0]"
v0.1-EST.12.1_1,Saare,Kaarma,"[1, 1, 1, 0, 1, 1]",6891.0,920381.869,133.563,79.05,11687.737,20.191,42.121,138.521,0.0,0.0,0.0,0.0,6891.0,1.0,0.0,20.0,2716.0,3850.0,279.0,24.0,2.0,0.0,0.003,0.394,0.559,0.04,0.003,0.0,5.847,5.7,34.44,0.87,0.0,0.0,0.0,0.0,0.0,0.0,0.0,0.0,0.0,0.0,0.0,0.0,0.0,0.0,,,,,0.0,0.0,0.0,0.0,0.0,0.0,[0],1.0,1.0,706.0,"[0, 0, 0, 0, 0, 0]"
v0.1-EST.12.2_1,Saare,Kärla,"[1, 1, 1, 0, 1, 1]",2280.0,297588.097,130.521,75.822,6207.214,20.255,45.718,128.249,0.0,0.0,0.0,0.0,2280.0,1.0,0.0,12.0,838.0,1331.0,88.0,10.0,1.0,0.0,0.005,0.368,0.584,0.039,0.004,0.0,5.902,5.765,25.51,1.03,0.0,0.0,0.0,0.0,0.0,0.0,0.0,0.0,0.0,0.0,0.0,0.0,0.0,0.0,,,,,0.0,0.0,0.0,0.0,0.0,0.0,[0],1.0,1.0,122.0,"[0, 0, 0, 0, 0, 0]"
v0.1-EST.12.3_1,Saare,Kihelkonna,"[1, 1, 1, 0, 1, 1]",2256.0,238300.638,105.63,67.682,6274.926,20.195,40.689,113.615,0.0,0.0,0.0,0.0,2256.0,1.0,0.0,14.0,775.0,1381.0,82.0,3.0,1.0,0.0,0.006,0.344,0.612,0.036,0.001,0.0,5.894,5.82,43.17,1.05,0.0,0.0,0.0,0.0,0.0,0.0,0.0,0.0,0.0,0.0,0.0,0.0,0.0,0.0,,,,,0.0,0.0,0.0,0.0,0.0,0.0,[0],1.0,1.0,64.0,"[0, 0, 0, 0, 0, 0]"
v0.1-EST.12.4_1,Saare,Kuressaare,"[1, 1, 1, 0, 1, 1]",5358.0,976539.161,182.258,91.507,11176.231,20.224,59.227,155.412,0.0,0.0,0.0,0.0,5358.0,1.0,0.0,16.0,1854.0,2995.0,388.0,100.0,5.0,0.0,0.003,0.346,0.559,0.072,0.019,0.001,6.538,6.3,40.77,0.23,0.0,0.0,0.0,0.0,0.0,0.0,0.0,0.0,0.0,0.0,0.0,0.0,0.0,0.0,,,,,0.0,0.0,0.0,0.0,0.0,0.0,[0],1.0,1.0,409.0,"[0, 0, 0, 0, 0, 0]"
v0.1-EST.12.5_1,Saare,Laimjala,"[1, 1, 1, 0, 1, 1]",1648.0,194983.299,118.315,79.679,5069.184,20.189,46.516,128.224,0.0,0.0,0.0,0.0,1648.0,1.0,0.0,8.0,504.0,1079.0,54.0,2.0,1.0,0.0,0.005,0.306,0.655,0.033,0.001,0.001,6.011,5.95,30.52,0.81,0.0,0.0,0.0,0.0,0.0,0.0,0.0,0.0,0.0,0.0,0.0,0.0,0.0,0.0,,,,,0.0,0.0,0.0,0.0,0.0,0.0,[0],1.0,1.0,58.0,"[0, 0, 0, 0, 0, 0]"
v0.1-EST.12.6_1,Saare,Leisi,"[1, 1, 1, 0, 1, 1]",4126.0,469172.433,113.711,73.323,8333.948,20.199,44.034,118.435,0.0,0.0,0.0,0.0,4126.0,1.0,0.0,12.0,1258.0,2688.0,156.0,12.0,0.0,0.0,0.003,0.305,0.651,0.038,0.003,0.0,6.077,6.04,20.14,0.78,0.0,0.0,0.0,0.0,0.0,0.0,0.0,0.0,0.0,0.0,0.0,0.0,0.0,0.0,,,,,0.0,0.0,0.0,0.0,0.0,0.0,[0],1.0,1.0,55.0,"[0, 0, 0, 0, 0, 0]"
v0.1-EST.12.7_1,Saare,Lümanda,"[1, 1, 1, 0, 1, 1]",2287.0,232502.164,101.663,68.73,4188.955,20.243,41.306,111.795,0.0,0.0,0.0,0.0,2287.0,1.0,0.0,15.0,882.0,1338.0,47.0,5.0,0.0,0.0,0.007,0.386,0.585,0.021,0.002,0.0,5.635,5.58,18.31,0.66,0.0,0.0,0.0,0.0,0.0,0.0,0.0,0.0,0.0,0.0,0.0,0.0,0.0,0.0,,,,,0.0,0.0,0.0,0.0,0.0,0.0,[0],1.0,1.0,134.0,"[0, 0, 0, 0, 0, 0]"
v0.1-EST.12.8_1,Saare,Muhu,"[1, 1, 1, 0, 1, 1]",4276.0,466126.762,109.01,78.792,3811.121,20.218,44.093,125.314,0.0,0.0,0.0,0.0,4276.0,1.0,0.0,19.0,1408.0,2685.0,152.0,11.0,1.0,0.0,0.004,0.329,0.628,0.036,0.003,0.0,5.942,5.87,34.81,0.7,0.0,0.0,0.0,0.0,0.0,0.0,0.0,0.0,0.0,0.0,0.0,0.0,0.0,0.0,,,,,0.0,0.0,0.0,0.0,0.0,0.0,[0],1.0,1.0,0.0,"[0, 0, 0, 0, 0, 0]"
v0.1-EST.12.9_1,Saare,Mustjala,"[1, 1, 1, 0, 1, 1]",1962.0,185752.742,94.675,64.783,5072.447,20.194,40.716,104.759,0.0,0.0,0.0,0.0,1962.0,1.0,0.0,6.0,589.0,1283.0,80.0,4.0,0.0,0.0,0.003,0.3,0.654,0.041,0.002,0.0,6.096,6.115,20.13,1.32,0.0,0.0,0.0,0.0,0.0,0.0,0.0,0.0,0.0,0.0,0.0,0.0,0.0,0.0,,,,,0.0,0.0,0.0,0.0,0.0,0.0,[0],1.0,1.0,20.0,"[0, 0, 0, 0, 0, 0]"
v0.1-EST.12.10_1,Saare,Orissaare,"[1, 1, 1, 0, 1, 1]",2924.0,374720.114,128.153,82.353,6361.552,20.297,47.978,134.409,0.0,0.0,0.0,0.0,2924.0,1.0,0.0,15.0,900.0,1868.0,133.0,8.0,0.0,0.0,0.005,0.308,0.639,0.045,0.003,0.0,6.035,5.96,19.25,0.3,0.0,0.0,0.0,0.0,0.0,0.0,0.0,0.0,0.0,0.0,0.0,0.0,0.0,0.0,,,,,0.0,0.0,0.0,0.0,0.0,0.0,[0],1.0,1.0,60.0,"[0, 0, 0, 0, 0, 0]"
v0.1-EST.12.11_1,Saare,Pihtla,"[1, 1, 1, 0, 1, 1]",3058.0,382310.291,125.02,80.276,9538.745,20.189,46.53,136.794,0.0,0.0,0.0,0.0,3058.0,1.0,0.0,12.0,1127.0,1777.0,127.0,15.0,0.0,0.0,0.004,0.369,0.581,0.042,0.005,0.0,5.912,5.775,22.74,0.85,0.0,0.0,0.0,0.0,0.0,0.0,0.0,0.0,0.0,0.0,0.0,0.0,0.0,0.0,,,,,0.0,0.0,0.0,0.0,0.0,0.0,[0],1.0,1.0,44.0,"[0, 0, 0, 0, 0, 0]"
v0.1-EST.12.12_1,Saare,Pöide,"[1, 1, 1, 0, 1, 1]",2043.0,247285.492,121.04,83.02,3382.942,20.212,49.387,130.86,0.0,0.0,0.0,0.0,2043.0,1.0,0.0,6.0,619.0,1341.0,70.0,6.0,1.0,0.0,0.003,0.303,0.656,0.034,0.003,0.0,6.047,5.95,30.05,0.75,0.0,0.0,0.0,0.0,0.0,0.0,0.0,0.0,0.0,0.0,0.0,0.0,0.0,0.0,,,,,0.0,0.0,0.0,0.0,0.0,0.0,[0],1.0,1.0,185.0,"[0, 0, 0, 0, 0, 0]"
v0.1-EST.12.13_1,Saare,Ruhnu,"[1, 1, 1, 0, 1, 1]",269.0,22654.904,84.219,70.76,529.315,20.897,37.596,95.773,0.0,0.0,0.0,0.0,269.0,1.0,0.0,2.0,85.0,176.0,4.0,2.0,0.0,0.0,0.007,0.316,0.654,0.015,0.007,0.0,5.842,5.63,21.74,1.89,0.0,0.0,0.0,0.0,0.0,0.0,0.0,0.0,0.0,0.0,0.0,0.0,0.0,0.0,,,,,0.0,0.0,0.0,0.0,0.0,0.0,[0],1.0,1.0,0.0,"[0, 0, 0, 0, 0, 0]"
v0.1-EST.12.14_1,Saare,Salme,"[1, 1, 1, 0, 1, 1]",1906.0,203281.69,106.654,70.521,4656.016,20.216,40.679,117.8,0.0,0.0,0.0,0.0,1906.0,1.0,0.0,11.0,726.0,1100.0,64.0,5.0,0.0,0.0,0.006,0.381,0.577,0.034,0.003,0.0,5.727,5.59,16.8,1.11,0.0,0.0,0.0,0.0,0.0,0.0,0.0,0.0,0.0,0.0,0.0,0.0,0.0,0.0,,,,,0.0,0.0,0.0,0.0,0.0,0.0,[0],1.0,1.0,117.0,"[0, 0, 0, 0, 0, 0]"
v0.1-EST.12.15_1,Saare,Torgu,"[1, 1, 1, 0, 1, 1]",1184.0,106710.725,90.127,60.982,2674.717,20.295,38.161,99.511,0.0,0.0,0.0,0.0,1184.0,1.0,0.0,4.0,388.0,752.0,34.0,6.0,0.0,0.0,0.003,0.328,0.635,0.029,0.005,0.0,5.937,5.825,21.84,0.95,0.0,0.0,0.0,0.0,0.0,0.0,0.0,0.0,0.0,0.0,0.0,0.0,0.0,0.0,,,,,0.0,0.0,0.0,0.0,0.0,0.0,[0],1.0,1.0,23.0,"[0, 0, 0, 0, 0, 0]"
v0.1-EST.12.16_1,Saare,Valjala,"[1, 1, 1, 0, 1, 1]",2500.0,310576.902,124.231,81.524,8635.336,20.221,48.325,130.019,0.0,0.0,0.0,0.0,2500.0,1.0,0.0,12.0,800.0,1587.0,92.0,7.0,2.0,0.0,0.005,0.32,0.635,0.037,0.003,0.001,6.041,6.02,51.5,0.63,0.0,0.0,0.0,0.0,0.0,0.0,0.0,0.0,0.0,0.0,0.0,0.0,0.0,0.0,,,,,0.0,0.0,0.0,0.0,0.0,0.0,[0],1.0,1.0,35.0,"[0, 0, 0, 0, 0, 0]"
v0.1-EST.13.1_1,Tartu,Alatskivi,"[1, 1, 1, 0, 1, 1]",2563.0,317264.711,123.786,84.411,6338.829,20.188,43.863,138.646,0.0,0.0,0.0,0.0,2563.0,1.0,0.0,84.0,818.0,1535.0,109.0,14.0,3.0,0.0,0.033,0.319,0.599,0.043,0.005,0.001,6.041,6.04,53.99,0.26,0.0,0.0,0.0,0.0,0.0,0.0,0.0,0.0,0.0,0.0,0.0,0.0,0.0,0.0,,,,,0.0,0.0,0.0,0.0,0.0,0.0,[0],1.0,1.0,987.0,"[0, 0, 0, 0, 0, 0]"
v0.1-EST.13.2_1,Tartu,Elva,"[1, 1, 1, 0, 1, 1]",3662.0,529554.555,144.608,104.859,11000.47,20.46,61.371,155.976,0.0,0.0,0.0,0.0,3662.0,1.0,0.0,7.0,1066.0,2234.0,241.0,88.0,26.0,0.0,0.002,0.291,0.61,0.066,0.024,0.007,7.094,6.74,48.03,0.6,0.0,0.0,0.0,0.0,0.0,0.0,0.0,0.0,0.0,0.0,0.0,0.0,0.0,0.0,,,,,0.0,0.0,0.0,0.0,0.0,0.0,[0],1.0,1.0,507.0,"[0, 0, 0, 0, 0, 0]"
v0.1-EST.13.3_1,Tartu,Haaslava,"[1, 1, 1, 0, 1, 1]",2912.0,429189.763,147.387,103.686,5372.686,20.194,51.435,170.45,0.0,0.0,0.0,0.0,2912.0,1.0,0.0,44.0,978.0,1770.0,109.0,8.0,3.0,0.0,0.015,0.336,0.608,0.037,0.003,0.001,6.059,5.95,36.84,0.33,0.0,0.0,0.0,0.0,0.0,0.0,0.0,0.0,0.0,0.0,0.0,0.0,0.0,0.0,,,,,0.0,0.0,0.0,0.0,0.0,0.0,[0],1.0,1.0,554.0,"[0, 0, 0, 0, 0, 0]"
v0.1-EST.13.4_1,Tartu,Kallaste,"[1, 1, 1, 0, 1, 1]",891.0,111100.24,124.692,83.421,1911.653,20.479,46.151,142.281,0.0,0.0,0.0,0.0,891.0,1.0,0.0,3.0,284.0,534.0,64.0,5.0,1.0,0.0,0.003,0.319,0.599,0.072,0.006,0.001,6.482,6.49,28.44,1.17,0.0,0.0,0.0,0.0,0.0,0.0,0.0,0.0,0.0,0.0,0.0,0.0,0.0,0.0,,,,,0.0,0.0,0.0,0.0,0.0,0.0,[0],1.0,1.0,47.0,"[0, 0, 0, 0, 0, 0]"
v0.1-EST.13.5_1,Tartu,Kambja,"[1, 1, 1, 0, 1, 1]",4201.0,562079.566,133.797,89.973,8346.817,20.246,48.083,152.833,0.0,0.0,0.0,0.0,4201.0,1.0,0.0,97.0,1221.0,2719.0,147.0,14.0,3.0,0.0,0.023,0.291,0.647,0.035,0.003,0.001,6.232,6.26,37.98,0.18,0.0,0.0,0.0,0.0,0.0,0.0,0.0,0.0,0.0,0.0,0.0,0.0,0.0,0.0,,,,,0.0,0.0,0.0,0.0,0.0,0.0,[0],1.0,1.0,637.0,"[0, 0, 0, 0, 0, 0]"
v0.1-EST.13.6_1,Tartu,Konguta,"[1, 1, 1, 0, 1, 1]",2152.0,337680.988,156.915,102.041,10052.931,20.24,54.624,171.916,0.0,0.0,0.0,0.0,2152.0,1.0,0.0,54.0,645.0,1366.0,78.0,9.0,0.0,0.0,0.025,0.3,0.635,0.036,0.004,0.0,6.242,6.33,22.6,0.16,0.0,0.0,0.0,0.0,0.0,0.0,0.0,0.0,0.0,0.0,0.0,0.0,0.0,0.0,,,,,0.0,0.0,0.0,0.0,0.0,0.0,[0],1.0,1.0,1120.0,"[0, 0, 0, 0, 0, 0]"
v0.1-EST.13.7_1,Tartu,Laeva,"[1, 1, 1, 0, 1, 1]",1162.0,182822.377,157.334,87.824,9699.329,20.236,48.306,148.046,0.0,0.0,0.0,0.0,1162.0,1.0,0.0,31.0,366.0,721.0,41.0,2.0,1.0,0.0,0.027,0.315,0.62,0.035,0.002,0.001,5.905,5.965,25.62,0.26,0.0,0.0,0.0,0.0,0.0,0.0,0.0,0.0,0.0,0.0,0.0,0.0,0.0,0.0,,,,,0.0,0.0,0.0,0.0,0.0,0.0,[0],1.0,1.0,131.0,"[0, 0, 0, 0, 0, 0]"
v0.1-EST.13.8_1,Tartu,Luunja,"[1, 1, 1, 0, 1, 1]",3575.0,613262.324,171.542,101.221,12506.204,20.261,47.836,186.609,0.0,0.0,0.0,0.0,3575.0,1.0,0.0,59.0,1216.0,2157.0,126.0,15.0,2.0,0.0,0.017,0.34,0.603,0.035,0.004,0.001,6.138,6.18,105.96,0.3,0.0,0.0,0.0,0.0,0.0,0.0,0.0,0.0,0.0,0.0,0.0,0.0,0.0,0.0,,,,,0.0,0.0,0.0,0.0,0.0,0.0,[0],1.0,1.0,1598.0,"[0, 0, 0, 0, 0, 0]"
v0.1-EST.13.9_1,Tartu,Mäksa,"[1, 1, 1, 0, 1, 1]",2470.0,351365.284,142.253,86.945,8221.324,20.293,44.02,148.308,0.0,0.0,0.0,0.0,2470.0,1.0,0.0,53.0,869.0,1434.0,107.0,7.0,0.0,0.0,0.021,0.352,0.581,0.043,0.003,0.0,6.012,5.94,21.0,0.1,0.0,0.0,0.0,0.0,0.0,0.0,0.0,0.0,0.0,0.0,0.0,0.0,0.0,0.0,,,,,0.0,0.0,0.0,0.0,0.0,0.0,[0],1.0,1.0,778.0,"[0, 0, 0, 0, 0, 0]"
v0.1-EST.13.10_1,Tartu,Meeksi,"[1, 1, 1, 0, 1, 1]",1800.0,200924.747,111.625,83.287,1860.443,20.305,46.347,130.096,0.0,0.0,0.0,0.0,1800.0,1.0,0.0,47.0,494.0,1206.0,50.0,3.0,0.0,0.0,0.026,0.274,0.67,0.028,0.002,0.0,5.953,6.03,21.46,0.21,0.0,0.0,0.0,0.0,0.0,0.0,0.0,0.0,0.0,0.0,0.0,0.0,0.0,0.0,,,,,0.0,0.0,0.0,0.0,0.0,0.0,[0],1.0,1.0,48.0,"[0, 0, 0, 0, 0, 0]"
v0.1-EST.13.11_1,Tartu,Nõo,"[1, 1, 1, 0, 1, 1]",4704.0,641953.481,136.47,97.672,8817.476,20.218,53.566,151.886,0.0,0.0,0.0,0.0,4704.0,1.0,0.0,81.0,1458.0,2919.0,224.0,19.0,3.0,0.0,0.017,0.31,0.621,0.048,0.004,0.001,6.305,6.3,32.76,0.29,0.0,0.0,0.0,0.0,0.0,0.0,0.0,0.0,0.0,0.0,0.0,0.0,0.0,0.0,,,,,0.0,0.0,0.0,0.0,0.0,0.0,[0],1.0,1.0,1315.0,"[0, 0, 0, 0, 0, 0]"
v0.1-EST.13.12_1,Tartu,Peipsiääre,"[1, 1, 1, 0, 1, 1]",1342.0,127506.656,95.012,71.533,1358.873,20.339,36.004,128.972,0.0,0.0,0.0,0.0,1342.0,1.0,0.0,29.0,560.0,710.0,42.0,1.0,0.0,0.0,0.022,0.417,0.529,0.031,0.001,0.0,5.822,5.78,16.8,0.46,0.0,0.0,0.0,0.0,0.0,0.0,0.0,0.0,0.0,0.0,0.0,0.0,0.0,0.0,,,,,0.0,0.0,0.0,0.0,0.0,0.0,[0],1.0,1.0,179.0,"[0, 0, 0, 0, 0, 0]"
v0.1-EST.13.13_1,Tartu,Piirissaare,"[1, 1, 1, 0, 1, 1]",39.0,4384.557,112.425,109.576,402.201,22.85,38.814,169.129,0.0,0.0,0.0,0.0,39.0,1.0,0.0,0.0,12.0,26.0,1.0,0.0,0.0,0.0,0.0,0.308,0.667,0.026,0.0,0.0,6.217,6.06,12.57,2.58,0.0,0.0,0.0,0.0,0.0,0.0,0.0,0.0,0.0,0.0,0.0,0.0,0.0,0.0,,,,,0.0,0.0,0.0,0.0,0.0,0.0,[0],1.0,1.0,178.0,"[0, 0, 0, 0, 0, 0]"
v0.1-EST.13.14_1,Tartu,Puhja,"[1, 1, 1, 0, 1, 1]",2196.0,326183.047,148.535,95.373,7532.936,20.311,51.963,158.128,0.0,0.0,0.0,0.0,2196.0,1.0,0.0,48.0,695.0,1341.0,97.0,15.0,0.0,0.0,0.022,0.316,0.611,0.044,0.007,0.0,6.12,6.04,23.4,0.51,0.0,0.0,0.0,0.0,0.0,0.0,0.0,0.0,0.0,0.0,0.0,0.0,0.0,0.0,,,,,0.0,0.0,0.0,0.0,0.0,0.0,[0],1.0,1.0,118.0,"[0, 0, 0, 0, 0, 0]"
v0.1-EST.13.15_1,Tartu,Rannu,"[1, 1, 1, 0, 1, 1]",2294.0,398982.959,173.925,100.487,17772.362,20.252,53.338,167.043,0.0,0.0,0.0,0.0,2294.0,1.0,0.0,53.0,722.0,1419.0,88.0,10.0,2.0,0.0,0.023,0.315,0.619,0.038,0.004,0.001,6.054,5.95,83.09,0.23,0.0,0.0,0.0,0.0,0.0,0.0,0.0,0.0,0.0,0.0,0.0,0.0,0.0,0.0,,,,,0.0,0.0,0.0,0.0,0.0,0.0,[0],1.0,1.0,179.0,"[0, 0, 0, 0, 0, 0]"
v0.1-EST.13.16_1,Tartu,Rõngu,"[1, 1, 1, 0, 1, 1]",3376.0,524174.984,155.265,94.837,9530.569,20.315,49.761,156.003,0.0,0.0,0.0,0.0,3376.0,1.0,0.0,73.0,1054.0,2091.0,142.0,11.0,5.0,0.0,0.022,0.312,0.619,0.042,0.003,0.001,6.201,6.15,36.53,0.33,0.0,0.0,0.0,0.0,0.0,0.0,0.0,0.0,0.0,0.0,0.0,0.0,0.0,0.0,,,,,0.0,0.0,0.0,0.0,0.0,0.0,[0],1.0,1.0,855.0,"[0, 0, 0, 0, 0, 0]"
v0.1-EST.13.17_1,Tartu,Tähtvere,"[1, 1, 1, 0, 1, 1]",2172.0,484239.16,222.946,112.293,18909.75,20.397,52.777,198.595,0.0,0.0,0.0,0.0,2172.0,1.0,0.0,31.0,749.0,1259.0,119.0,14.0,0.0,0.0,0.014,0.345,0.58,0.055,0.006,0.0,6.211,6.13,19.93,0.05,0.0,0.0,0.0,0.0,0.0,0.0,0.0,0.0,0.0,0.0,0.0,0.0,0.0,0.0,,,,,0.0,0.0,0.0,0.0,0.0,0.0,[0],1.0,1.0,1003.0,"[0, 0, 0, 0, 0, 0]"
v0.1-EST.13.18_1,Tartu,Tartu,"[1, 1, 1, 0, 1, 1]",25592.0,5531936.522,216.159,119.208,32127.977,8.638,48.324,190.104,0.0,0.0,1.0,0.0,25592.0,1.0,0.0,140.0,9086.0,12511.0,2877.0,862.0,116.0,0.0,0.005,0.355,0.489,0.112,0.034,0.005,7.047,6.83,86.14,0.12,0.0,0.0,0.0,0.0,0.0,0.0,0.0,0.0,0.0,0.0,0.0,0.0,0.0,0.0,,,,,0.0,0.0,0.0,0.0,0.0,0.0,[0],1.0,1.0,1966.0,"[0, 0, 0, 0, 0, 0]"
v0.1-EST.13.19_1,Tartu,Ülenurme,"[1, 1, 1, 0, 1, 1]",5585.0,1157748.547,207.296,143.177,8717.052,20.196,58.874,227.994,0.0,0.0,0.0,0.0,5585.0,1.0,0.0,44.0,1833.0,3481.0,200.0,26.0,1.0,0.0,0.008,0.328,0.623,0.036,0.005,0.0,6.187,6.15,46.3,0.23,0.0,0.0,0.0,0.0,0.0,0.0,0.0,0.0,0.0,0.0,0.0,0.0,0.0,0.0,,,,,0.0,0.0,0.0,0.0,0.0,0.0,[0],1.0,1.0,2564.0,"[0, 0, 0, 0, 0, 0]"
v0.1-EST.13.20_1,Tartu,Vara,"[1, 1, 1, 0, 1, 1]",3558.0,434265.281,122.053,83.224,5409.284,20.18,44.294,139.292,0.0,0.0,0.0,0.0,3558.0,1.0,0.0,124.0,1175.0,2143.0,107.0,8.0,1.0,0.0,0.035,0.33,0.602,0.03,0.002,0.0,5.87,5.91,25.83,0.12,0.0,0.0,0.0,0.0,0.0,0.0,0.0,0.0,0.0,0.0,0.0,0.0,0.0,0.0,,,,,0.0,0.0,0.0,0.0,0.0,0.0,[0],1.0,1.0,264.0,"[0, 0, 0, 0, 0, 0]"
v0.1-EST.13.21_1,Tartu,Võnnu,"[1, 1, 1, 0, 1, 1]",2028.0,272034.921,134.14,90.254,4299.587,20.328,48.932,149.405,0.0,0.0,0.0,0.0,2028.0,1.0,0.0,56.0,600.0,1287.0,74.0,8.0,3.0,0.0,0.028,0.296,0.635,0.036,0.004,0.001,6.12,6.02,35.2,0.34,0.0,0.0,0.0,0.0,0.0,0.0,0.0,0.0,0.0,0.0,0.0,0.0,0.0,0.0,,,,,0.0,0.0,0.0,0.0,0.0,0.0,[0],1.0,1.0,239.0,"[0, 0, 0, 0, 0, 0]"
v0.1-EST.13.22_1,Tartu,Võrtsjärve,"[0, 0, 0, 0, 0, 1]",0.0,0.0,0.0,0.0,0.0,0.0,0.0,0.0,0.0,0.0,0.0,0.0,0.0,0.0,0.0,0.0,0.0,0.0,0.0,0.0,0.0,,0.0,0.0,0.0,0.0,0.0,0.0,0.0,0.0,0.0,0.0,0.0,0.0,0.0,0.0,0.0,0.0,0.0,0.0,0.0,0.0,0.0,0.0,0.0,0.0,0.0,0.0,0.0,0.0,0.0,0.0,0.0,0.0,0.0,0.0,[0],1.0,1.0,0.0,"[0, 0, 0, 0, 0, 0]"
v0.1-EST.14.1_1,Valga,Helme,"[1, 1, 1, 0, 1, 1]",3121.0,506083.465,162.154,90.779,7787.076,20.256,47.645,151.821,0.0,0.0,0.0,0.0,3121.0,1.0,0.0,95.0,983.0,1855.0,169.0,15.0,4.0,0.0,0.03,0.315,0.594,0.054,0.005,0.001,6.182,6.01,43.24,0.35,0.0,0.0,0.0,0.0,0.0,0.0,0.0,0.0,0.0,0.0,0.0,0.0,0.0,0.0,,,,,0.0,0.0,0.0,0.0,0.0,0.0,[0],1.0,1.0,1693.0,"[0, 0, 0, 0, 0, 0]"
v0.1-EST.14.2_1,Valga,Hummuli,"[1, 1, 1, 0, 1, 1]",1361.0,196331.905,144.256,86.472,12173.441,20.209,43.698,142.449,0.0,0.0,0.0,0.0,1361.0,1.0,0.0,54.0,463.0,784.0,58.0,2.0,0.0,0.0,0.04,0.34,0.576,0.043,0.001,0.0,5.904,5.76,24.94,0.24,0.0,0.0,0.0,0.0,0.0,0.0,0.0,0.0,0.0,0.0,0.0,0.0,0.0,0.0,,,,,0.0,0.0,0.0,0.0,0.0,0.0,[0],1.0,1.0,164.0,"[0, 0, 0, 0, 0, 0]"
v0.1-EST.14.3_1,Valga,Karula,"[1, 1, 1, 0, 1, 1]",2319.0,303094.604,130.701,85.961,4279.471,20.285,43.406,135.516,0.0,0.0,0.0,0.0,2319.0,1.0,0.0,94.0,831.0,1301.0,86.0,7.0,0.0,0.0,0.041,0.358,0.561,0.037,0.003,0.0,5.793,5.77,19.84,0.28,0.0,0.0,0.0,0.0,0.0,0.0,0.0,0.0,0.0,0.0,0.0,0.0,0.0,0.0,,,,,0.0,0.0,0.0,0.0,0.0,0.0,[0],1.0,1.0,791.0,"[0, 0, 0, 0, 0, 0]"
v0.1-EST.14.4_1,Valga,Õru,"[1, 1, 1, 0, 1, 1]",880.0,114661.787,130.297,79.756,11126.567,20.186,42.266,130.0,0.0,0.0,0.0,0.0,880.0,1.0,0.0,34.0,306.0,509.0,27.0,4.0,0.0,0.0,0.039,0.348,0.578,0.031,0.005,0.0,5.738,5.695,24.09,0.32,0.0,0.0,0.0,0.0,0.0,0.0,0.0,0.0,0.0,0.0,0.0,0.0,0.0,0.0,,,,,0.0,0.0,0.0,0.0,0.0,0.0,[0],1.0,1.0,121.0,"[0, 0, 0, 0, 0, 0]"
v0.1-EST.14.5_1,Valga,Palupera,"[1, 1, 1, 0, 1, 1]",2252.0,303071.812,134.579,88.349,4316.433,20.262,48.107,143.366,0.0,0.0,0.0,0.0,2252.0,1.0,0.0,41.0,590.0,1509.0,102.0,9.0,1.0,0.0,0.018,0.262,0.67,0.045,0.004,0.0,6.382,6.42,42.9,0.27,0.0,0.0,0.0,0.0,0.0,0.0,0.0,0.0,0.0,0.0,0.0,0.0,0.0,0.0,,,,,0.0,0.0,0.0,0.0,0.0,0.0,[0],1.0,1.0,374.0,"[0, 0, 0, 0, 0, 0]"
v0.1-EST.14.6_1,Valga,Põdrala,"[1, 1, 1, 0, 1, 1]",1625.0,219643.837,135.165,87.213,7744.879,20.252,51.035,139.465,0.0,0.0,0.0,0.0,1625.0,1.0,0.0,66.0,415.0,1072.0,66.0,5.0,1.0,0.0,0.041,0.255,0.66,0.041,0.003,0.001,6.115,6.17,43.44,0.06,0.0,0.0,0.0,0.0,0.0,0.0,0.0,0.0,0.0,0.0,0.0,0.0,0.0,0.0,,,,,0.0,0.0,0.0,0.0,0.0,0.0,[0],1.0,1.0,244.0,"[0, 0, 0, 0, 0, 0]"
v0.1-EST.14.7_1,Valga,Puhajarve,"[1, 1, 1, 0, 1, 1]",5021.0,684190.009,136.266,92.288,14061.698,20.196,52.32,147.439,0.0,0.0,0.0,0.0,5021.0,1.0,0.0,82.0,1300.0,3310.0,304.0,19.0,6.0,0.0,0.016,0.259,0.659,0.061,0.004,0.001,6.632,6.6,46.05,0.35,0.0,0.0,0.0,0.0,0.0,0.0,0.0,0.0,0.0,0.0,0.0,0.0,0.0,0.0,,,,,0.0,0.0,0.0,0.0,0.0,0.0,[0],1.0,1.0,425.0,"[0, 0, 0, 0, 0, 0]"
v0.1-EST.14.8_1,Valga,Puka,"[1, 1, 1, 0, 1, 1]",3113.0,392255.142,126.006,84.957,5328.993,20.225,46.419,129.826,0.0,0.0,0.0,0.0,3113.0,1.0,0.0,76.0,904.0,1999.0,118.0,12.0,4.0,0.0,0.024,0.29,0.642,0.038,0.004,0.001,6.175,6.16,36.32,0.19,0.0,0.0,0.0,0.0,0.0,0.0,0.0,0.0,0.0,0.0,0.0,0.0,0.0,0.0,,,,,0.0,0.0,0.0,0.0,0.0,0.0,[0],1.0,1.0,393.0,"[0, 0, 0, 0, 0, 0]"
v0.1-EST.14.9_1,Valga,Sangaste,"[1, 1, 1, 0, 1, 1]",2371.0,351432.303,148.221,90.041,6512.809,20.231,49.602,145.382,0.0,0.0,0.0,0.0,2371.0,1.0,0.0,65.0,624.0,1577.0,92.0,12.0,1.0,0.0,0.027,0.263,0.665,0.039,0.005,0.0,6.338,6.36,32.6,0.34,0.0,0.0,0.0,0.0,0.0,0.0,0.0,0.0,0.0,0.0,0.0,0.0,0.0,0.0,,,,,0.0,0.0,0.0,0.0,0.0,0.0,[0],1.0,1.0,346.0,"[0, 0, 0, 0, 0, 0]"
v0.1-EST.14.10_1,Valga,Taheva,"[1, 1, 1, 0, 1, 1]",1925.0,215353.529,111.872,75.142,4980.244,20.207,40.029,123.427,0.0,0.0,0.0,0.0,1925.0,1.0,0.0,75.0,638.0,1160.0,46.0,5.0,1.0,0.0,0.039,0.331,0.603,0.024,0.003,0.001,5.76,5.75,25.05,0.32,0.0,0.0,0.0,0.0,0.0,0.0,0.0,0.0,0.0,0.0,0.0,0.0,0.0,0.0,,,,,0.0,0.0,0.0,0.0,0.0,0.0,[0],1.0,1.0,169.0,"[0, 0, 0, 0, 0, 0]"
v0.1-EST.14.11_1,Valga,Tõlliste,"[1, 1, 1, 0, 1, 1]",2996.0,426460.162,142.343,84.085,6893.898,20.206,44.836,133.87,0.0,0.0,0.0,0.0,2996.0,1.0,0.0,69.0,1013.0,1799.0,105.0,10.0,0.0,0.0,0.023,0.338,0.6,0.035,0.003,0.0,5.943,5.945,18.67,0.18,0.0,0.0,0.0,0.0,0.0,0.0,0.0,0.0,0.0,0.0,0.0,0.0,0.0,0.0,,,,,0.0,0.0,0.0,0.0,0.0,0.0,[0],1.0,1.0,360.0,"[0, 0, 0, 0, 0, 0]"
v0.1-EST.14.12_1,Valga,Tõrva,"[1, 1, 1, 0, 1, 1]",2033.0,242184.261,119.127,85.543,4156.126,18.391,50.565,124.606,0.0,0.0,0.0,0.0,2033.0,1.0,0.0,8.0,640.0,1276.0,90.0,18.0,1.0,0.0,0.004,0.315,0.628,0.044,0.009,0.0,6.378,6.11,25.86,0.59,0.0,0.0,0.0,0.0,0.0,0.0,0.0,0.0,0.0,0.0,0.0,0.0,0.0,0.0,,,,,0.0,0.0,0.0,0.0,0.0,0.0,[0],1.0,1.0,196.0,"[0, 0, 0, 0, 0, 0]"
v0.1-EST.14.13_1,Valga,Valga,"[1, 1, 1, 0, 1, 1]",5113.0,815991.055,159.591,86.4,11838.238,20.263,48.938,139.141,0.0,0.0,0.0,0.0,5113.0,1.0,0.0,15.0,2154.0,2505.0,313.0,117.0,9.0,0.0,0.003,0.421,0.49,0.061,0.023,0.002,6.285,5.56,45.4,0.53,0.0,0.0,0.0,0.0,0.0,0.0,0.0,0.0,0.0,0.0,0.0,0.0,0.0,0.0,,,,,0.0,0.0,0.0,0.0,0.0,0.0,[0],1.0,1.0,495.0,"[0, 0, 0, 0, 0, 0]"
v0.1-EST.15.1_1,Viljandi,Abja,"[1, 1, 1, 0, 1, 1]",2912.0,440746.528,151.355,94.359,8195.197,20.248,51.325,150.991,0.0,0.0,0.0,0.0,2912.0,1.0,0.0,64.0,947.0,1720.0,163.0,17.0,1.0,0.0,0.022,0.325,0.591,0.056,0.006,0.0,6.206,6.15,26.23,0.55,0.0,0.0,0.0,0.0,0.0,0.0,0.0,0.0,0.0,0.0,0.0,0.0,0.0,0.0,,,,,0.0,0.0,0.0,0.0,0.0,0.0,[0],1.0,1.0,1239.0,"[0, 0, 0, 0, 0, 0]"
v0.1-EST.15.2_1,Viljandi,Halliste,"[1, 1, 1, 0, 1, 1]",2275.0,364291.284,160.128,105.754,8807.349,20.206,57.325,160.982,0.0,0.0,0.0,0.0,2275.0,1.0,0.0,35.0,614.0,1480.0,132.0,13.0,1.0,0.0,0.015,0.27,0.651,0.058,0.006,0.0,6.399,6.27,41.22,0.49,0.0,0.0,0.0,0.0,0.0,0.0,0.0,0.0,0.0,0.0,0.0,0.0,0.0,0.0,,,,,0.0,0.0,0.0,0.0,0.0,0.0,[0],1.0,1.0,177.0,"[0, 0, 0, 0, 0, 0]"
v0.1-EST.15.3_1,Viljandi,Karksi,"[1, 1, 1, 0, 1, 1]",4324.0,677243.376,156.624,94.213,7328.796,11.887,45.918,162.147,0.0,0.0,0.0,0.0,4324.0,1.0,0.0,57.0,1427.0,2583.0,234.0,20.0,3.0,0.0,0.013,0.33,0.597,0.054,0.005,0.001,6.213,6.21,30.77,0.96,0.0,0.0,0.0,0.0,0.0,0.0,0.0,0.0,0.0,0.0,0.0,0.0,0.0,0.0,,,,,0.0,0.0,0.0,0.0,0.0,0.0,[0],1.0,1.0,184.0,"[0, 0, 0, 0, 0, 0]"
v0.1-EST.15.4_1,Viljandi,Kolga-Jaani,"[1, 1, 1, 0, 1, 1]",2620.0,443359.601,169.221,102.612,6326.181,20.223,55.602,173.406,0.0,0.0,0.0,0.0,2620.0,1.0,0.0,164.0,749.0,1591.0,101.0,13.0,2.0,0.0,0.063,0.286,0.607,0.039,0.005,0.001,5.951,6.03,31.52,0.19,0.0,0.0,0.0,0.0,0.0,0.0,0.0,0.0,0.0,0.0,0.0,0.0,0.0,0.0,,,,,0.0,0.0,0.0,0.0,0.0,0.0,[0],1.0,1.0,100.0,"[0, 0, 0, 0, 0, 0]"
v0.1-EST.15.5_1,Viljandi,Kõo,"[1, 1, 1, 0, 1, 1]",1726.0,303382.906,175.772,92.003,20745.998,20.334,51.07,155.92,0.0,0.0,0.0,0.0,1726.0,1.0,0.0,54.0,527.0,1065.0,62.0,15.0,3.0,0.0,0.031,0.305,0.617,0.036,0.009,0.002,6.062,5.925,39.61,0.21,0.0,0.0,0.0,0.0,0.0,0.0,0.0,0.0,0.0,0.0,0.0,0.0,0.0,0.0,,,,,0.0,0.0,0.0,0.0,0.0,0.0,[0],1.0,1.0,616.0,"[0, 0, 0, 0, 0, 0]"
v0.1-EST.15.6_1,Viljandi,Kõpu,"[1, 1, 1, 0, 1, 1]",1177.0,177810.489,151.071,103.396,4741.071,20.293,54.566,161.41,0.0,0.0,0.0,0.0,1177.0,1.0,0.0,18.0,287.0,806.0,62.0,3.0,1.0,0.0,0.015,0.244,0.685,0.053,0.003,0.001,6.52,6.53,30.41,0.93,0.0,0.0,0.0,0.0,0.0,0.0,0.0,0.0,0.0,0.0,0.0,0.0,0.0,0.0,,,,,0.0,0.0,0.0,0.0,0.0,0.0,[0],1.0,1.0,48.0,"[0, 0, 0, 0, 0, 0]"
v0.1-EST.15.7_1,Viljandi,Mõisaküla,"[1, 1, 1, 0, 1, 1]",1055.0,116181.815,110.125,82.643,3873.914,20.26,49.963,116.495,0.0,0.0,0.0,0.0,1055.0,1.0,0.0,3.0,332.0,657.0,58.0,5.0,0.0,0.0,0.003,0.315,0.623,0.055,0.005,0.0,6.363,6.11,18.48,1.51,0.0,0.0,0.0,0.0,0.0,0.0,0.0,0.0,0.0,0.0,0.0,0.0,0.0,0.0,,,,,0.0,0.0,0.0,0.0,0.0,0.0,[0],1.0,1.0,79.0,"[0, 0, 0, 0, 0, 0]"
v0.1-EST.15.8_1,Viljandi,Paistu,"[1, 1, 1, 0, 1, 1]",2131.0,321556.201,150.895,97.323,12616.259,20.244,54.29,153.134,0.0,0.0,0.0,0.0,2131.0,1.0,0.0,42.0,576.0,1412.0,94.0,6.0,1.0,0.0,0.02,0.27,0.663,0.044,0.003,0.0,6.32,6.3,46.46,0.15,0.0,0.0,0.0,0.0,0.0,0.0,0.0,0.0,0.0,0.0,0.0,0.0,0.0,0.0,,,,,0.0,0.0,0.0,0.0,0.0,0.0,[0],1.0,1.0,580.0,"[0, 0, 0, 0, 0, 0]"
v0.1-EST.15.9_1,Viljandi,Pärsti,"[1, 1, 1, 0, 1, 1]",3674.0,621350.722,169.121,96.771,13019.044,18.551,51.909,166.09,0.0,0.0,0.0,0.0,3674.0,1.0,0.0,35.0,1262.0,2124.0,231.0,20.0,2.0,0.0,0.01,0.343,0.578,0.063,0.005,0.001,6.271,6.1,38.17,0.82,0.0,0.0,0.0,0.0,0.0,0.0,0.0,0.0,0.0,0.0,0.0,0.0,0.0,0.0,,,,,0.0,0.0,0.0,0.0,0.0,0.0,[0],1.0,1.0,1446.0,"[0, 0, 0, 0, 0, 0]"
v0.1-EST.15.10_1,Viljandi,Saarepeedi,"[1, 1, 1, 0, 1, 1]",1588.0,257024.433,161.854,101.205,5078.221,20.339,53.996,174.404,0.0,0.0,0.0,0.0,1588.0,1.0,0.0,26.0,486.0,979.0,88.0,9.0,0.0,0.0,0.016,0.306,0.616,0.055,0.006,0.0,6.306,6.32,21.18,0.35,0.0,0.0,0.0,0.0,0.0,0.0,0.0,0.0,0.0,0.0,0.0,0.0,0.0,0.0,,,,,0.0,0.0,0.0,0.0,0.0,0.0,[0],1.0,1.0,1164.0,"[0, 0, 0, 0, 0, 0]"
v0.1-EST.15.11_1,Viljandi,Suure-Jaani,"[1, 1, 1, 0, 1, 1]",6901.0,1061335.063,153.794,96.902,10602.175,20.193,54.446,154.874,0.0,0.0,0.0,0.0,6901.0,1.0,0.0,80.0,1916.0,4507.0,355.0,37.0,6.0,0.0,0.012,0.278,0.653,0.051,0.005,0.001,6.411,6.34,52.33,0.33,0.0,0.0,0.0,0.0,0.0,0.0,0.0,0.0,0.0,0.0,0.0,0.0,0.0,0.0,,,,,0.0,0.0,0.0,0.0,0.0,0.0,[0],1.0,1.0,739.0,"[0, 0, 0, 0, 0, 0]"
v0.1-EST.15.12_1,Viljandi,Tarvastu,"[1, 1, 1, 0, 1, 1]",5865.0,873361.132,148.911,96.143,7367.421,20.239,54.248,154.033,0.0,0.0,0.0,0.0,5865.0,1.0,0.0,218.0,1575.0,3864.0,183.0,23.0,2.0,0.0,0.037,0.269,0.659,0.031,0.004,0.0,6.061,6.1,32.17,0.03,0.0,0.0,0.0,0.0,0.0,0.0,0.0,0.0,0.0,0.0,0.0,0.0,0.0,0.0,,,,,0.0,0.0,0.0,0.0,0.0,0.0,[0],1.0,1.0,216.0,"[0, 0, 0, 0, 0, 0]"
v0.1-EST.15.13_1,Viljandi,Viiratsi,"[1, 1, 1, 0, 1, 1]",3894.0,669282.754,171.875,100.747,17734.094,20.21,51.727,170.783,0.0,0.0,0.0,0.0,3894.0,1.0,0.0,119.0,1332.0,2240.0,190.0,10.0,3.0,0.0,0.031,0.342,0.575,0.049,0.003,0.001,6.004,5.9,34.15,0.14,0.0,0.0,0.0,0.0,0.0,0.0,0.0,0.0,0.0,0.0,0.0,0.0,0.0,0.0,,,,,0.0,0.0,0.0,0.0,0.0,0.0,[0],1.0,1.0,381.0,"[0, 0, 0, 0, 0, 0]"
v0.1-EST.15.14_1,Viljandi,Viljandi,"[1, 1, 1, 0, 1, 1]",6435.0,1226595.472,190.613,104.107,12730.823,20.206,50.262,162.671,0.0,0.0,0.0,0.0,6435.0,1.0,0.0,17.0,2277.0,3237.0,747.0,142.0,15.0,0.0,0.003,0.354,0.503,0.116,0.022,0.002,6.972,6.94,56.94,0.29,0.0,0.0,0.0,0.0,0.0,0.0,0.0,0.0,0.0,0.0,0.0,0.0,0.0,0.0,,,,,0.0,0.0,0.0,0.0,0.0,0.0,[0],1.0,1.0,715.0,"[0, 0, 0, 0, 0, 0]"
v0.1-EST.15.15_1,Viljandi,Võhma,"[1, 1, 1, 0, 1, 1]",714.0,94049.196,131.722,84.051,2484.93,20.193,46.205,135.179,0.0,0.0,0.0,0.0,714.0,1.0,0.0,4.0,336.0,334.0,28.0,12.0,0.0,0.0,0.006,0.471,0.468,0.039,0.017,0.0,5.897,5.33,20.4,1.24,0.0,0.0,0.0,0.0,0.0,0.0,0.0,0.0,0.0,0.0,0.0,0.0,0.0,0.0,,,,,0.0,0.0,0.0,0.0,0.0,0.0,[0],1.0,1.0,122.0,"[0, 0, 0, 0, 0, 0]"
v0.1-EST.16.1_1,Võru,Antsla,"[1, 1, 1, 0, 1, 1]",4966.0,698917.753,140.741,85.239,7127.971,20.196,51.353,132.881,0.0,0.0,0.0,0.0,4966.0,1.0,0.0,112.0,1245.0,3363.0,219.0,26.0,1.0,0.0,0.023,0.251,0.677,0.044,0.005,0.0,6.342,6.26,32.19,0.19,0.0,0.0,0.0,0.0,0.0,0.0,0.0,0.0,0.0,0.0,0.0,0.0,0.0,0.0,,,,,0.0,0.0,0.0,0.0,0.0,0.0,[0],1.0,1.0,282.0,"[0, 0, 0, 0, 0, 0]"
v0.1-EST.16.2_1,Võru,Haanja,"[1, 1, 1, 0, 1, 1]",2600.0,309238.123,118.938,87.719,3500.87,20.221,46.995,140.064,0.0,0.0,0.0,0.0,2600.0,1.0,0.0,112.0,628.0,1775.0,75.0,8.0,2.0,0.0,0.043,0.242,0.683,0.029,0.003,0.001,6.227,6.32,37.43,0.19,0.0,0.0,0.0,0.0,0.0,0.0,0.0,0.0,0.0,0.0,0.0,0.0,0.0,0.0,,,,,0.0,0.0,0.0,0.0,0.0,0.0,[0],1.0,1.0,397.0,"[0, 0, 0, 0, 0, 0]"
v0.1-EST.16.3_1,Võru,Lasva,"[1, 1, 1, 0, 1, 1]",3165.0,432997.314,136.808,90.348,4998.056,20.198,48.662,146.905,0.0,0.0,0.0,0.0,3165.0,1.0,0.0,94.0,787.0,2137.0,133.0,14.0,0.0,0.0,0.03,0.249,0.675,0.042,0.004,0.0,6.248,6.18,22.81,0.29,0.0,0.0,0.0,0.0,0.0,0.0,0.0,0.0,0.0,0.0,0.0,0.0,0.0,0.0,,,,,0.0,0.0,0.0,0.0,0.0,0.0,[0],1.0,1.0,1179.0,"[0, 0, 0, 0, 0, 0]"
v0.1-EST.16.4_1,Võru,Meremäe,"[1, 1, 1, 0, 1, 1]",2859.0,341021.835,119.28,83.464,7949.77,20.309,48.417,127.807,0.0,0.0,0.0,0.0,2859.0,1.0,0.0,80.0,640.0,2052.0,79.0,7.0,1.0,0.0,0.028,0.224,0.718,0.028,0.002,0.0,6.15,6.22,64.86,0.51,0.0,0.0,0.0,0.0,0.0,0.0,0.0,0.0,0.0,0.0,0.0,0.0,0.0,0.0,,,,,0.0,0.0,0.0,0.0,0.0,0.0,[0],1.0,1.0,306.0,"[0, 0, 0, 0, 0, 0]"
v0.1-EST.16.5_1,Võru,Misso,"[1, 1, 1, 0, 1, 1]",1815.0,235831.576,129.935,88.616,4495.554,20.283,51.015,139.447,0.0,0.0,0.0,0.0,1815.0,1.0,0.0,67.0,459.0,1225.0,56.0,7.0,1.0,0.0,0.037,0.253,0.675,0.031,0.004,0.001,6.21,6.34,31.94,0.41,0.0,0.0,0.0,0.0,0.0,0.0,0.0,0.0,0.0,0.0,0.0,0.0,0.0,0.0,,,,,0.0,0.0,0.0,0.0,0.0,0.0,[0],1.0,1.0,116.0,"[0, 0, 0, 0, 0, 0]"
v0.1-EST.16.6_1,Võru,Mõniste,"[1, 1, 1, 0, 1, 1]",1883.0,237813.989,126.295,82.118,4734.698,20.254,46.107,130.046,0.0,0.0,0.0,0.0,1883.0,1.0,0.0,68.0,487.0,1265.0,58.0,5.0,0.0,0.0,0.036,0.259,0.672,0.031,0.003,0.0,6.069,6.06,20.48,0.34,0.0,0.0,0.0,0.0,0.0,0.0,0.0,0.0,0.0,0.0,0.0,0.0,0.0,0.0,,,,,0.0,0.0,0.0,0.0,0.0,0.0,[0],1.0,1.0,93.0,"[0, 0, 0, 0, 0, 0]"
v0.1-EST.16.7_1,Võru,Rõuge,"[1, 1, 1, 0, 1, 1]",4129.0,499068.787,120.869,86.311,6856.414,20.162,47.096,135.93,0.0,0.0,0.0,0.0,4129.0,1.0,0.0,117.0,914.0,2906.0,179.0,11.0,2.0,0.0,0.028,0.221,0.704,0.043,0.003,0.0,6.377,6.41,29.18,0.18,0.0,0.0,0.0,0.0,0.0,0.0,0.0,0.0,0.0,0.0,0.0,0.0,0.0,0.0,,,,,0.0,0.0,0.0,0.0,0.0,0.0,[0],1.0,1.0,369.0,"[0, 0, 0, 0, 0, 0]"
v0.1-EST.16.8_1,Võru,Sõmerpalu,"[1, 1, 1, 0, 1, 1]",2713.0,433326.776,159.722,94.457,8644.063,20.195,53.149,148.233,0.0,0.0,0.0,0.0,2713.0,1.0,0.0,110.0,652.0,1791.0,139.0,18.0,3.0,0.0,0.041,0.24,0.66,0.051,0.007,0.001,6.307,6.26,32.27,0.28,0.0,0.0,0.0,0.0,0.0,0.0,0.0,0.0,0.0,0.0,0.0,0.0,0.0,0.0,,,,,0.0,0.0,0.0,0.0,0.0,0.0,[0],1.0,1.0,420.0,"[0, 0, 0, 0, 0, 0]"
v0.1-EST.16.9_1,Võru,Urvaste,"[1, 1, 1, 0, 1, 1]",2484.0,340989.227,137.274,89.082,8324.232,20.23,52.466,140.549,0.0,0.0,0.0,0.0,2484.0,1.0,0.0,83.0,571.0,1737.0,87.0,5.0,1.0,0.0,0.033,0.23,0.699,0.035,0.002,0.0,6.271,6.385,25.54,0.24,0.0,0.0,0.0,0.0,0.0,0.0,0.0,0.0,0.0,0.0,0.0,0.0,0.0,0.0,,,,,0.0,0.0,0.0,0.0,0.0,0.0,[0],1.0,1.0,445.0,"[0, 0, 0, 0, 0, 0]"
v0.1-EST.16.10_1,Võru,Varstu,"[1, 1, 1, 0, 1, 1]",2309.0,273555.062,118.473,83.118,4501.62,20.291,47.609,128.784,0.0,0.0,0.0,0.0,2309.0,1.0,0.0,80.0,579.0,1576.0,65.0,6.0,3.0,0.0,0.035,0.251,0.683,0.028,0.003,0.001,6.077,6.12,62.99,0.08,0.0,0.0,0.0,0.0,0.0,0.0,0.0,0.0,0.0,0.0,0.0,0.0,0.0,0.0,,,,,0.0,0.0,0.0,0.0,0.0,0.0,[0],1.0,1.0,323.0,"[0, 0, 0, 0, 0, 0]"
v0.1-EST.16.11_1,Võru,Vastseliina,"[1, 1, 1, 0, 1, 1]",3897.0,489119.098,125.512,91.882,3521.994,20.29,48.863,144.369,0.0,0.0,0.0,0.0,3897.0,1.0,0.0,111.0,1043.0,2583.0,137.0,19.0,4.0,0.0,0.028,0.268,0.663,0.035,0.005,0.001,6.274,6.32,39.8,0.36,0.0,0.0,0.0,0.0,0.0,0.0,0.0,0.0,0.0,0.0,0.0,0.0,0.0,0.0,,,,,0.0,0.0,0.0,0.0,0.0,0.0,[0],1.0,1.0,522.0,"[0, 0, 0, 0, 0, 0]"
v0.1-EST.16.12_1,Võru,Võru,"[1, 1, 1, 0, 1, 1]",10825.0,1739550.567,160.698,89.877,19253.033,20.203,51.643,146.343,0.0,0.0,0.0,0.0,10825.0,1.0,0.0,89.0,3455.0,6395.0,728.0,149.0,9.0,0.0,0.008,0.319,0.591,0.067,0.014,0.001,6.463,6.13,57.43,0.33,0.0,0.0,0.0,0.0,0.0,0.0,0.0,0.0,0.0,0.0,0.0,0.0,0.0,0.0,,,,,0.0,0.0,0.0,0.0,0.0,0.0,[0],1.0,1.0,731.0,"[0, 0, 0, 0, 0, 0]"
